1,Ludwig van Beethoven,Diabelli Variations  Op. 120: Var. 7  Un poco più allegro,79.587,34.35,0.193,Classical
2,Carl Orff,Carmina Burana  I. Primo vere (Version for Soloists  Choruses  2 Pianos & Perc.): Veris leta facies,244.28,34.47,0.16,Classical
3,Nat King Cole,Away In A Manger,120.4,34.76,0.253,Jazz
4,Johann Sebastian Bach,French Suite No. 5 in G Major  BWV 816: I. Allemande,160.6,34.86,0.267,Classical
5,Boards of Canada,Jacquard Causeway,395.09,35.55,0.166,Electronic
6,Paul Simon,Still Crazy After All These Years,206.533,37.11,0.13,Rock
7,Flughand,Beems,77.423,37.83,0.77,Jazz
8,Gustavo Santaolalla,All Gone (Aftermath),64.44,38.14,0.0372,Classical
9,Wolfgang Amadeus Mozart,Die Zauberflöte  K. 620  Act II: Seid uns zum zweiten Mal willkommen (Live),102.6,40.17,0.554,Classical
10,Kiana Ledé,Controlla X Too Good,111.316,44.19,0.497,Alternative
11,Ludwig van Beethoven,"Piano Sonata No.14 in C sharp minor  Op.27 No.2 -""Moonlight"": 1. Adagio sostenuto",456.733,44.97,0.307,Classical
12,Flying Lotus,Heave(n),142.446,46.48,0.561,Electronic
13,Lucy Dacus,...Familiar Place,175.778,46.59,0.0277,Rock
14,Mykola Dmytrovych Leontovych,Carol of the Bells,85.267,46.72,0.8,Classical
15,Edward Elgar,Serenade for String Orchestra  Op. 20: III. Allegretto,165.68,46.87,0.0898,Classical
16,Earl Sweatshirt,Uncle Al,52.627,47.09,0.585,Hip-Hop
17,Jack White,Abulia and Akrasia,88.32,47.59,0.417,Blues
18,Rozen,Lost in the Wind - Remastered Version,166.787,47.7,0.0527,Anime
19,Earl Sweatshirt,Wool,153.12,47.81,0.394,Rap
20,Earl Sweatshirt,Wool,153.12,47.81,0.394,Hip-Hop
21,Bill Charlap,I Was So Young  And You Were So Beautiful,234.373,47.86,0.165,Jazz
22,Jonny Greenwood,Phantom Thread IV (feat. Daniel Pioro),177.613,47.9,0.417,Classical
23,Earl Sweatshirt,Red Water,104.427,47.92,0.777,Alternative
24,Earl Sweatshirt,Red Water,104.427,47.92,0.777,Hip-Hop
25,Yuki Hayashi,Lure,70.147,48.01,0.305,Anime
26,Andrea Bocelli,Caro gesu bambino,101.77,49.55,0.183,Classical
27,Antonio Vivaldi,Bassoon Concerto in F Major  RV 488: II. Largo,173.094,49.79,0.146,Classical
28,Johann Sebastian Bach,Unaccompanied Cello Suite No. 6 in D Major  BWV 1012: I. Prélude,284.96,49.93,0.587,Classical
29,Matthew Halsall,Cherry Blossom,441.459,50.06,0.143,Jazz
30,Kehlani,Bright,257.179,50.18,0.232,Rap
31,Oscar Peterson Trio,I Got It Bad And That Ain't Good,306.173,50.66,0.176,Jazz
32,Lamb,Wise Enough,286.827,50.86,0.284,Electronic
33,Lamb,Wise Enough,286.827,50.86,0.284,Jazz
34,Richard Wagner,Entry of the Gods into Valhalla,427.707,51.25,0.0384,Classical
35,Philip Glass,Tearing Herself Away,303.507,51.27,0.0368,Classical
36,Daughtry,Life After You,206.413,51.32,0.309,Alternative
37,GoldLink,Late Night,161.08,51.54,0.295,Alternative
38,GoldLink,Late Night,161.08,51.54,0.295,Hip-Hop
39,Flughand,Snug,89.006,52,0.278,Jazz
40,Carl Maria von Weber,Symphony No. 2 in C Major  J. 51: IV. Finale: Scherzo presto,134.32,52.06,0.544,Classical
41,Ola Gjeilo,Dawn,166,52.08,0.0461,Classical
42,Big Jay McNeely,There Is Something on Your Mind,202.467,52.14,0.506,Jazz
43,Big Jay McNeely,There Is Something on Your Mind,202.467,52.14,0.506,Blues
44,Nicole Henry,Moon River,310.827,52.47,0.235,Jazz
45,Roy Hargrove,Speak Low,316.867,52.67,0.205,Jazz
46,Paul Robeson,Old Man River,146.012,52.67,0.365,Classical
47,Eric Whitacre,Deep Field - Complete Version,1390.613,52.75,0.0274,Classical
48,Claude Debussy,Suite bergamasque  L. 75: 1. Prélude,244,52.78,0.0565,Classical
49,Giovanni Battista Sammartini,III. Menuetto,181.347,53.19,0.347,Classical
50,John Luther Adams,The Wind in High Places: II. Maclaren Summit,295.64,53.72,0.174,Classical
51,Antonín Dvořák,"Symphony No. 9 in E Minor  From The New World: Symphony No. 9 ""New World Symphony"": I. Adagio - Allegro molto",723.6,53.81,0.0835,Classical
52,Pyotr Ilyich Tchaikovsky,The Nutcracker  Op.71 : No. 8 In the Christmas Tree,238.16,53.89,0.0554,Classical
53,Jimi Hendrix,Red House,230.36,53.91,0.483,Rock
54,Jóhann Jóhannsson,Theme,203,53.98,0.0655,Classical
55,Red Garland,(I'm Afraid) The Masquerade Is Over,522.933,54.06,0.134,Jazz
56,The Neighbourhood,Single,262.32,54.13,0.34,Alternative
57,André Previn,Servants' Chorus* - Voice,84.333,54.16,0.468,Classical
58,Ernest John Moeran,Symphony in G Minor: II. Lento,788.4,54.18,0.0322,Classical
59,Miles Davis,Flamenco Sketches - Studio Sequence 2,69.72,54.31,0.084,Jazz
60,Frédéric Chopin,Chopin: Piano Concerto No. 2 in F Minor  Op. 21: I. Maestoso,823.56,54.37,0.0767,Classical
61,Rozen,A Moment's Peace,126.24,54.52,0.306,Anime
62,Felix Mendelssohn,Mendelssohn: 6 Lieder ohne Worte  Op. 19b: No. 1 in E Major,202.84,54.69,0.0768,Classical
63,Hiatus Kaiyote,Creations Part One,49.36,54.9,0.221,Jazz
64,Liquid Stranger,Jello Stream,288.468,54.95,0.0735,Electronic
65,Jóhann Jóhannsson,Melancholia,278.467,55.05,0.0616,Classical
66,Christian Scott aTunde Adjuah,Phases,255.179,55.06,0.231,Jazz
67,Kacey Musgraves,Mother,78.187,55.51,0.482,Country
68,Frédéric Chopin,Waltz No. 10 in B Minor  Op. 69 No. 2,302,55.72,0.0447,Classical
69,Rozen,Sheik's Devotion - Remastered Version,146.48,55.91,0.219,Anime
70,Jason Isbell and the 400 Unit,Decoration Day - Live,384.533,55.96,0.343,Country
71,Jimi Hendrix,Exp,115.28,56.05,0.198,Blues
72,Johann Sebastian Bach,Cello Suite No. 3 in C Major  BWV 1009: II. Allemande,215.213,56.21,0.558,Classical
73,Eminem,Steve Berman,53.573,56.38,0.807,Hip-Hop
74,Stevie Ray Vaughan,Riviera Paradise,530.467,56.42,0.197,Blues
75,Lights & Motion,Glaciers,176.373,56.45,0.0409,Rock
76,Nobuo Uematsu,"Dark World (From ""Final Fantasy VI"")",343,56.56,0.0399,Anime
77,Claude Debussy,3. Clair de lune,306,56.64,0.0393,Classical
78,Frédéric Chopin,"Piano Sonata No. 2 in B-Flat Minor  Op. 35 ""Funeral March"": III. Marche funèbre. Lento",400.653,56.65,0.0738,Classical
79,Howard Shore,Orthanc,66.413,56.68,0.0379,Classical
80,Pyotr Ilyich Tchaikovsky,Tchaikovsky: The Seasons  Op. 37b  TH 135: X. October (Autumn Song),297.667,56.84,0.156,Classical
81,Gustav Mahler,Symphony No. 9 in D Major: 1. Andante comodo,1617.333,56.85,0.0446,Classical
82,Federico Mompou,Chanson et Danse No. 4,273.973,56.9,0.25,Classical
83,Johannes Brahms,Piano Concerto No. 2 in B-Flat Major  Op. 83: III. Andante,743.96,56.92,0.0367,Classical
84,Ryuichi Sakamoto,"Bibo No Aozora (From ""Babel"")",388.08,56.98,0.0468,Anime
85,Hector Berlioz,"La Damnation de Faust  Op. 24  H. 111: Pt. II  Scène VII - Choeur de gnomes et de sylphes. Songe de Faust. ""Dors! heureux Faust""",355.587,57,0.0592,Classical
86,Sir Sly,Altar,221.649,57.02,0.429,Alternative
87,HOMESHAKE,Give It to Me,188.971,57.11,0.0682,Rock
88,Hildegard von Bingen,O Virtus Sapiente,271.581,57.24,0.0348,Classical
89,Chase & Status,Lost & Not Found - Acoustic,170.463,57.53,0.307,Electronic
90,Georgs Pelēcis,All in the Past,176.093,57.69,0.161,Classical
91,Kings of Leon,Cold Desert,334.707,57.9,0.164,Rock
92,Diana Krall,I'm Not In Love,232.867,57.95,0.316,Jazz
93,Miles Davis,Flamenco Sketches - Alternate Take,571.56,58.01,0.234,Jazz
94,Little Dragon,Constant Surprises,273.547,58.1,0.623,Electronic
95,Little Dragon,Constant Surprises,273.547,58.1,0.623,Alternative
96,Animals As Leaders,Inner Assassins,329.56,58.22,0.321,Jazz
97,Herbie Hancock,Vein Melter,549.373,58.24,0.389,Jazz
98,Jóhann Jóhannsson,The Dreams That Stuff Is Made Of,111.836,58.26,0.0759,Classical
99,Randy Crawford,At Last,149.293,58.27,0.199,Jazz
100,Boogie,Nigga Needs,165.307,58.31,0.201,Rap
101,Chris Brown,Beg For It,224.28,58.4,0.324,Rap
102,Frédéric Chopin,Berceuse in D Flat Major  Op. 57,248.613,58.48,0.0572,Classical
103,Kenny G,Silhouette,327.373,58.5,0.194,Jazz
104,Frédéric Chopin,Waltz No. 14 in E Minor  Op. posth.,185.707,58.65,0.19,Classical
105,Yuka,君をのせて(天空の城ラピュタより),211.933,58.66,0.0856,Anime
106,MISSIO,Everybody Gets High,212.093,58.75,0.46,Rock
107,Johann Sebastian Bach,Christ lag in Todes Banden  BWV 4: Duet: Den Tod niemand zwingen kunnt (Soprano  Alto),221.493,58.81,0.0457,Classical
108,Andrés Segovia,Suite española No. 1  Op.47 (1988 Digital Remaster): Granada,263.107,58.96,0.22,Classical
109,Johann Sebastian Bach,Keyboard Concerto No. 5 in F Minor  BWV 1056: II. Largo,176.467,59.17,0.16,Classical
110,Camille Saint-Saëns,Carnival of the Animals: XIII. Le Cygne (The Swan),190.133,59.18,0.0542,Classical
111,Giacomo Puccini,"Turandot / Act 3: ""Nessun dorma!"" - Remastered",180.511,59.24,0.102,Classical
112,Frédéric Chopin,Nocturnes  Op. 48: No. 1 in C minor. Lento,368.173,59.26,0.0375,Classical
113,Gustav Mahler,Symphony No. 9 in D Major: 4. Adagio (Sehr langsam),1476.627,59.3,0.031,Classical
114,Blind Pilot,3 Rounds and a Sound,266.96,59.34,0.198,Rock
115,Howard Shore,Éowyn's Dream,84.307,59.35,0.0374,Classical
116,Stanley Turrentine,Journey Into Melody - 2007 Digital Remaster/Rudy Van Gelder Edition,295.2,59.38,0.196,Jazz
117,Frédéric Chopin,"12 Etudes  Op.25: No. 11 in A minor ""Winter Wind""",206,59.39,0.094,Classical
118,Ryuichi Sakamoto,Nagasaki: Memories of My Son - Title,121.84,59.44,0.105,Anime
119,Wolfgang Amadeus Mozart,5 Divertimentos in B-Flat Major  K. 439b  Divertimento No. 1: III. Adagio,172.867,59.47,0.0759,Classical
120,Johannes Brahms,Symphony No. 3 in F Major  Op. 90: III. Poco allegretto (Recorded 1962),346.853,59.5,0.0392,Classical
121,Nao,Another Lifetime,207.462,59.52,0.319,Alternative
122,George Frideric Handel,Rinaldo  HWV 7a  Act III (Ed. G. Sechi): Di quai strani accidenti [Live],87.296,59.56,0.324,Classical
123,Earl Sweatshirt,Loosie,59.293,59.64,0.658,Rap
124,Earl Sweatshirt,Loosie,59.293,59.64,0.658,Hip-Hop
125,Franz Liszt,Weihnachtsbaum  S186/R71: III. Die Hirten an der Krippe (The Shepherds at the Manger),219.6,59.65,0.197,Classical
126,Igor Stravinsky,L'Oiseau de Feu (The Firebird): Berceuse (l'Oiseau de feu) - Excerpt 1910 Version,152.307,59.82,0.0386,Classical
127,Howard Shore,Andúril - Flame Of The West,207.52,59.9,0.0315,Classical
128,Nina Simone,The Other Woman - Live Version - Sept. 1959,181.173,59.94,0.285,Blues
129,Kevin Penkin,Saber-tooth,120.88,59.95,0.269,Anime
130,Bruce Faulconer,Frieza VS. Spirit Bomb 2,150.453,59.96,0.292,Anime
131,Lil' Kim,Go Awff,192.389,59.96,0.561,Rap
132,Brennan Savage,Reflection,129.73,59.96,0.0636,Hip-Hop
133,Lil Jon,Culo,219.08,59.97,0.969,Hip-Hop
134,Marilyn Manson,Killing Strangers,336.48,60,0.512,Rock
135,Shiro Sagisu,Contre Les Agressions,121.987,60.01,0.523,Anime
136,Frank Ocean,Super Rich Kids,304.76,60.01,0.607,Alternative
137,Seckond Chaynce,Head Over Heels,234.867,60.01,0.505,Rap
138,Johannes Brahms,Rhapsody In G Minor  Op.79  No.2,346.493,60.01,0.0866,Classical
139,Robert Schumann,Kinderszenen  Op.15: 12. Kind im Einschlummern,143.027,60.03,0.102,Classical
140,Jeremih,Birthday Sex,226.507,60.05,0.445,Hip-Hop
141,Zara McFarlane,Plain Gold Ring,265.907,60.07,0.379,Jazz
142,Shigeru Umebayashi,Mei and Leo,186.04,60.08,0.121,Anime
143,Ludwig van Beethoven,Elegischer Gesang  Op. 118,382.32,60.09,0.0331,Classical
144,Howard Shore,The Paths Of The Dead,382.213,60.14,0.0343,Classical
145,Portishead,All Mine,240.627,60.19,0.29,Electronic
146,Takeshi Senoo,もみの木,270.36,60.22,0.134,Anime
147,Vince Guaraldi Trio,The Christmas Song,196.933,60.27,0.187,Jazz
148,Shigeru Umebayashi,Lovers - Flower Garden,139.907,60.3,0.0808,Anime
149,Frédéric Chopin,Sonata in B minor  Op. 58: Allegro maestoso,776.2,60.3,0.04,Classical
150,Gustav Holst,The Planets  Op. 32 (Remastered): IV. Jupiter  the Bringer of Jollity,500.613,60.3,0.164,Classical
151,Nobuo Uematsu,Master of Time,163.667,60.34,0.0626,Anime
152,Ryuichi Sakamoto,Main Theme,170.467,60.39,0.0411,Anime
153,Vince Gill,Tryin' To Get Over You,225.627,60.49,0.196,Country
154,George Strait,Nobody In His Right Mind Would've Left Her,172.493,60.51,0.544,Country
155,Steely Dan,Babylon Sisters,353.187,60.53,0.474,Blues
156,Edvard Grieg,Peer Gynt: Morning,237.96,60.69,0.0349,Classical
157,Kenny Dorham,Alone Together,190.4,60.7,0.197,Jazz
158,Johann Sebastian Bach,Suites for Cello  Suite No. 2 in D minor BWV 1008: Allemande,188.867,60.77,0.551,Classical
159,Camille Saint-Saëns,The Swan,185.24,60.83,0.0397,Classical
160,Chet Baker,I've Never Been In Love Before - Vocal Version,269,60.89,0.181,Jazz
161,Georg Philipp Telemann,Concerto In G Major TWV 40:201  For 4 Violins Without Basso Continuo: 1. Largo e staccato,131.56,60.89,0.356,Classical
162,Ryuichi Sakamoto,Goodbye to Hawk,221.037,60.92,0.0362,Classical
163,Thievery Corporation,Beautiful Drug,207.547,60.93,0.0517,Electronic
164,Thievery Corporation,Beautiful Drug,207.547,60.93,0.0517,Jazz
165,Maurice Ravel,Sonatine : 2. Mouvement de menuet,179.973,60.97,0.0856,Classical
166,Chris Brown,Make Love,230.2,60.99,0.852,Rap
167,Kensuke Ushio,inv(II.ii),46.267,61,0,Anime
168,Bill Evans Trio,Some Other Time,299.84,61.02,0.151,Jazz
169,Anton Bruckner,"Symphony No. 4 in E-Flat Major  WAB 104  ""Romantic"": I. Bewegt  nicht zu schnell - Live",1150.16,61.02,0.0361,Classical
170,Yasuharu Takanashi,Fiore Oukoku,161.547,61.06,0.0388,Anime
171,Donny Hathaway,Jealous Guy - Live Version,189.4,61.06,0.648,Jazz
172,Nobuo Uematsu,"The Decisive Battle (From ""Final Fantasy VI"")",158.577,61.11,0.755,Anime
173,Tan Dun,Yearning of the Sword,209.307,61.11,0.0811,Classical
174,Eric Whitacre,The Seal Lullaby (version for wind ensemble),262.24,61.2,0.0385,Classical
175,Johann Sebastian Bach,Bach: Cello Suite No. 1 in G Major  BWV 1007: VI. Menuet II,123.107,61.3,0.293,Classical
176,Donny Hathaway,Jealous Guy - Live at the Bitter End 1971,318.582,61.34,0.763,Jazz
177,Joni Mitchell,River,245.04,61.34,0.383,Rock
178,George Strait,The Man In Love With You,198.573,61.38,0.152,Country
179,Carlos Guastavino,Guastavino: 3 Romances Argentinos: I. Las niñas de Santa Fe (Live),316.48,61.4,0.0997,Classical
180,Jacob Collier,Sky Above,251.733,61.42,0.188,Alternative
181,Pink Floyd,Poles Apart,423.064,61.42,0.247,Rock
182,Frédéric Chopin,Nocturne en mi bémol majeur opus 9 n°2: Ballade en Sol Mineur No.1,268.427,61.49,0.071,Classical
183,The Wood Brothers,Loaded,229.253,61.53,0.2,Blues
184,Franz Joseph Haydn,Cello Concerto No. 1 in C Major  Hob. VIIb:1 (Highlights): II. Adagio,493.8,61.54,0.068,Classical
185,Lü Wencheng,Autumn Moon on a Calm Lake (pinghu qiuyue),242.507,61.55,0.0961,Classical
186,Jean Sibelius,Pelleas and Melisande Suite  Op. 46  JS 147: Act V Scene 2: Prelude: Andante,444.547,61.58,0.0324,Classical
187,6LACK,East Atlanta Love Letter (feat. Future),246.088,61.58,0.17,Hip-Hop
188,Ludwig van Beethoven,Missa solemnis  Op. 123: Agnus Dei. Adagio (Live),964.307,61.61,0.0393,Classical
189,Run The Jewels,Thursday in the Danger Room (feat. Kamasi Washington),262.52,61.77,0.189,Alternative
190,Wolfgang Amadeus Mozart,Piano Sonata No. 12 in F Major K 332: II. Adagio - Live,342.855,61.87,0.241,Classical
191,Johann Sebastian Bach,Goldberg Variations  BWV 988: Var. 13 a 2 Clav.,335.973,61.87,0.223,Classical
192,Lionel Richie,Hello,251.107,61.88,0.0563,Rock
193,Franz Liszt,12 Lieder von Franz Schubert  S. 558: No. 2  Auf dem Wasser zu singen,232,61.92,0.0956,Classical
194,atlas,discombobulated,124.471,61.95,0.51,Rap
195,Daniel Barenboim,Bach  JS : Well-Tempered Clavier Book 1 : Prelude No.10 in E minor BWV855,143.72,61.96,0.105,Classical
196,Franz Liszt,Liebesbotschaft  S. 560/10 from Schwanengesang,171.867,61.98,0.172,Classical
197,Art Tatum,Tiger Rag,138.307,62.01,0.761,Jazz
198,Gary Clark Jr.,You Saved Me,371.32,62.02,0.558,Blues
199,Johann Sebastian Bach,Brandenburg Concerto No. 4 in G BWV1049: II. Andante,221.293,62.02,0.114,Classical
200,JJ Grey & Mofro,Tupelo Honey,286,62.03,0.353,Blues
201,Three Dog Night,One,182.827,62.13,0.395,Blues
202,Giuseppe Verdi,La Traviata / Act 1: Prelude,213.667,62.21,0.038,Classical
203,Kensuke Ushio,sus,133.227,62.24,0.0425,Anime
204,Vladimir Ashkenazy,Piano Concerto No.2 in G Major  Op. 44: I. L'istesso tempo,487.267,62.24,0.0379,Classical
205,Frédéric Chopin,Nocturnes  Op. 27: No. 1 in C sharp minor. Larghetto,340.067,62.25,0.0409,Classical
206,Audioslave,Getaway Car,298.893,62.26,0.234,Alternative
207,Hildur Guðnadóttir,Elevation,357.547,62.27,0.0294,Classical
208,Austin Wintory,An Oath  Until the End,65.156,62.36,0.178,Anime
209,Johann Sebastian Bach,Orchestral Suite No. 3 in D Major  BWV 1068: 2. Air,284,62.36,0.0764,Classical
210,Claude Debussy,Beau Soir  L.6,182.04,62.38,0.0358,Classical
211,Frédéric Chopin,Ballade Op. 23,578.4,62.4,0.0434,Classical
212,Billie Holiday,Body And Soul,378.4,62.42,0.227,Jazz
213,Nina Simone,I Loves You Porgy - 2013 Remastered Version,249.782,62.43,0.195,Blues
214,Paul Hardcastle,Forever Dreamin',287.44,62.44,0.324,Jazz
215,Natureboy Flako,Nebulous Garden,206.126,62.44,0.363,Jazz
216,Johannes Brahms,16 Waltzes  Op. 39: No. 9 In D Minor,85.707,62.44,0.0896,Classical
217,Johannes Brahms,Symphony No. 3 in F Major  Op. 90: II. Andante (Recorded 1956),531.133,62.45,0.0353,Classical
218,Béla Bartók,For Children Vol. 1  Sz. 42: No. 3 Quasi adagio,56.907,62.47,0.544,Classical
219,Carl Philipp Emanuel Bach,Symphony No. 1 in D major  Wq. 183/1: Symphony No. 1 in D major  Wq. 183/1: II. Largo,115.467,62.5,0.0378,Classical
220,Sly5thAve,Bitch Don’t Kill My Vibe,191.414,62.51,0.242,Jazz
221,Bishop Briggs,River,216.133,62.51,0.545,Rock
222,Johann Sebastian Bach,"Bach  JS: St John Passion  BWV 245  Part 2: No. 35 ""Zerfliesse  mein Herze"" (Soprano)",400.573,62.51,0.0406,Classical
223,Frédéric Chopin,Piano Sonata No. 3 in B Minor  Op. 58: 1. Allegro maestoso,744.867,62.53,0.08,Classical
224,Willie Nelson,Old Timer,213.56,62.54,0.292,Country
225,Frédéric Chopin,Nocturnes: No. 2 in E flat Op. 9 No. 2,267.76,62.6,0.068,Classical
226,Franz Liszt,Un sospiro,341,62.64,0.0342,Classical
227,Tim McGraw,Watch The Wind Blow By,276.4,62.65,0.506,Country
228,Marjan Mozetich,Lament in the Trampled Garden,782.053,62.7,0.0395,Classical
229,Wolfgang Amadeus Mozart,Mass In C Minor  K. 427  Kyrie,390.133,62.7,0.0399,Classical
230,Flying Lotus,Phantasm,231.184,62.73,0.0394,Electronic
231,César Franck,Prélude  choral et fugue  M. 21: I. Prelude,277.6,62.75,0.0513,Classical
232,Gustavo Santaolalla,Lovin' IT,332.347,62.81,0.172,Classical
233,Capcom Sound Team,GM-03(時空神像),177.867,62.84,0.0298,Anime
234,Johannes Brahms,3 Intermezzi  Op. 117: No. 3 in C-Sharp Minor  Andante con moto,318.44,62.84,0.117,Classical
235,Ginuwine,Differences,265.533,62.88,0.423,Rap
236,Ludwig van Beethoven,"Symphony No. 9 in D Minor  Op. 125 ""Choral"": IV. Finale. Presto - Allegro assai (Live)",1542.133,62.89,0.0752,Classical
237,Gustav Holst,"Second Suite in F Major  Op. 28 No. 2  H. 106: II. Song Without Words ""I'll Love My Love""",151.587,62.91,0.0712,Classical
238,Darshan Raval,"Chogada (From ""Loveyatri"")",249.742,62.91,0.595,Hip-Hop
239,half•alive,Aawake at Night,199.036,62.92,0.33,Rock
240,Anton Bruckner,Symphony No. 8: I. Allegro moderato,965.916,62.94,0.0361,Classical
241,Takafumi Wada,哀哭,171.48,63.01,0.0648,Anime
242,Felix Mendelssohn,Violin Concerto in D Minor  MWV 03: I. Allegro molto,534.253,63.01,0.503,Classical
243,Giacomo Puccini,Madama Butterfly / Act 1: Tutti zitti!,192.308,63.03,0.135,Classical
244,Frédéric Chopin,Chopin : Nocturne No.21 in C minor Op. posth.,225.267,63.04,0.149,Classical
245,Neil Diamond,Sweet Caroline,203.573,63.05,0.578,Rock
246,Lefty Frizzell,Long Black Veil,182.36,63.06,0.401,Country
247,Michael Franks,Popsicle Toes,275.4,63.07,0.358,Jazz
248,Franz Joseph Haydn,"String Quartet No. 66 in G Major  Op. 77  No. 1  Hob.III:81  ""Lobkowitz"": I. Allegro moderato",479.04,63.1,0.304,Classical
249,Shigeru Umebayashi,A Swordsman of Honor,108.36,63.11,0.0524,Anime
250,Ella Fitzgerald,Bewitched  Bothered  And Bewildered,423.493,63.12,0.296,Jazz
251,Blake Shelton,Home,230.453,63.12,0.281,Country
252,Scott Joplin,Bethena: A Concert Waltz,470.227,63.15,0.0399,Classical
253,Antonín Dvořák,Rusalka  Op. 114  B. 203  Act I: Lieblicher Mond (Song to the Moon),390.198,63.28,0.0367,Classical
254,Wolfgang Amadeus Mozart,Horn Concerto No.4 in E flat  K.495: 3. Rondo (Allegro vivace),217,63.3,0.49,Classical
255,Haken,Clear,110.96,63.31,0.037,Jazz
256,Pyotr Ilyich Tchaikovsky,Violin Concerto In D Opus 35: II Canzonetta - Andante,391.853,63.34,0.0378,Classical
257,Ludwig van Beethoven,"Sonata No. 14 in C-Sharp Minor  Op. 27  No. 2 ""Moonlight"": I. Adagio sostenuto",303.973,63.36,0.104,Classical
258,Wolfgang Amadeus Mozart,Suite in C Major  K. 399: III. Courante,190.427,63.4,0.377,Classical
259,Austin Wintory,Their Waters Were Mingled Together,613.608,63.42,0.0699,Anime
260,Dave Brubeck,Besame Mucho,354.573,63.42,0.321,Classical
261,Tokyo Philharmonic Orchestra,Kirby's Dream Land 2 Animal Friends Medley (Live),216.395,63.45,0.115,Anime
262,Lars Gullin,Danny's Dream,339.64,63.48,0.223,Jazz
263,Nina Simone,Lilac Wine,253.8,63.51,0.184,Jazz
264,Howard Shore,The High Fells - Extended Version,218.84,63.51,0.0378,Classical
265,Frederick Delius,A Village Romeo and Juliet: The Walk to the Paradise Garden,618.12,63.53,0.0309,Classical
266,Suara,星降る空仰ぎ見て,299,63.54,0.235,Anime
267,Santi,Raw Dinner,143.57,63.55,0.668,Alternative
268,Smino,Anita,220.157,63.58,0.785,Hip-Hop
269,Pyotr Ilyich Tchaikovsky,6 Pieces  Op. 51  TH 143: 1. Valse de salon,295.716,63.59,0.211,Classical
270,Wolfmother,Mind's Eye,294.027,63.66,0.0399,Blues
271,Hans Pfitzner,Piano Concerto in E-Flat Major  Op. 31: III. Ausserst ruhig  versonnen  schwarmerisch,589.52,63.68,0.038,Classical
272,Luciano Pavarotti,Funiculì  funiculà,160.733,63.74,0.375,Classical
273,Howard Shore,The Pyre Of Denethor,179.453,63.83,0.0796,Classical
274,Gustav Holst,The Planets  Op. 32  H. 125: II. Venus  the Bringer of Peace,531.213,63.83,0.0294,Classical
275,Pyotr Ilyich Tchaikovsky,The Seasons  Op. 37a: VI. June - Barcarolle,339.8,63.84,0.162,Classical
276,Ryuichi Sakamoto,Rain (I Want A Divorce),109.467,63.87,0.0504,Anime
277,Dmitri Shostakovich,Symphony No. 5 in D Minor  Op. 47: I Moderato,1051.733,63.87,0.0359,Classical
278,Boz Scaggs,Look What You've Done to Me,317.333,63.91,0.0981,Country
279,Franz Liszt,Liebestraum No. 3 in A-Flat Major  S. 541/3,328.093,63.93,0.0348,Classical
280,Hank Jones,Eleanor,289.693,63.94,0.0988,Jazz
281,Bill Evans,Blue In Green (Take 3),325.787,63.96,0.107,Jazz
282,Jean-Yves Thibaudet,"End Credits - From ""Pride & Prejudice"" Soundtrack",287.373,63.97,0.0341,Classical
283,Rozen,This Was Where You and I...,110.25,63.99,0.0416,Anime
284,Thomas Tallis,Mass For Four Voices: 1. Gloria,309.197,63.99,0.0699,Classical
285,Gustav Mahler,"Symphony No.3 in D minor / Part 2: 4. Sehr langsam. Misterioso: ""O Mensch! Gib acht!""",530.12,64,0.0332,Classical
286,Akira Kosemura,Someday,273.184,64.02,0.131,Classical
287,Austin Wintory,Those First Steps,162.085,64.03,0.0371,Anime
288,Sergei Prokofiev,Piano Concerto No. 5 in G Major  Op. 55: IV. Larghetto,474.88,64.07,0.0363,Classical
289,Coheed and Cambria,Prologue,127.373,64.1,0.1,Alternative
290,Gabriel Fauré,3 Romances sans paroles  Op. 17: No. 3  Andante moderato in A-Flat Major,150.32,64.1,0.0884,Classical
291,Maurice Ravel,Ravel : Bolero,948.787,64.12,0.253,Classical
292,Richard Strauss,Symphonia domestica  Op. 53  TrV 209  Pt. 1: Mäßig langsam. Wiegenlied (Live),373.613,64.14,0.0374,Classical
293,Ludwig van Beethoven,"Sonata No. 14 ""Moonlight"" in C-Sharp Minor""  Op. 27 No. 2: II. Allegretto",139.427,64.15,0.368,Classical
294,Federico Mompou,Cancons i danses: Canco i dansa No. 6,285.227,64.17,0.143,Classical
295,Kenji Kanemasu,ワルツ「KATZEN BLUT」(「猫の恩返し」より),142.2,64.19,0.0933,Anime
296,Jacques Offenbach,Les contes d'Hoffmann  Act III: Hélas  mon coeur s'égare encore (Live),224.96,64.2,0.154,Classical
297,Martha Argerich,Concierto Para Piano Y Orquesta Nº 1  En Mi Menor Op.11 - Rondo. Vivace,547.5,64.25,0.25,Classical
298,Wolfgang Amadeus Mozart,Eine kleine Nachtmusik: Andante,352.133,64.26,0.236,Classical
299,Samuel Barber,Nocturne  Op. 33,249.747,64.27,0.0371,Classical
300,Arnold Schoenberg,17 Piano Fragments: No. 7  —,40.2,64.28,0.282,Classical
301,Franz Schubert,4 Impromptus  Op.90  D.899: No.3 in G Flat Major: Andante,391.973,64.3,0.0579999999999999,Classical
302,Maurice Ravel,Miroirs: III. Une Barque sur l'Océan,465.324,64.31,0.0289999999999999,Classical
303,Franz Joseph Haydn,Haydn : String Quartet in C major Op.76 No.3  'Emperor' : II Poco adagio - Cantabile,395.28,64.35,0.117,Classical
304,Emahoy Tsegué-Maryam Guébrou,The Last Tears of a Deceased,509.027,64.37,0.151,Jazz
305,Morcheeba,Crimson,312.28,64.41,0.165,Electronic
306,Stoney LaRue,Feet Don't Touch the Ground,248.587,64.43,0.216,Country
307,Ludwig van Beethoven,"Symphony No. 9 in D Minor  Op. 125 ""Choral"": III. Adagio molto e cantabile - Andante moderato (Live)",952.4,64.43,0.064,Classical
308,Royal Scottish National Orchestra,Lord Byron - Symphonic Portrait  Op.67: VIII. Epilogue,115.52,64.43,0.0353,Classical
309,Franz Schubert,Impromptus  D 899  Op. 90: III. Andante,397.147,64.47,0.0423,Classical
310,Jean-Yves Thibaudet,"The Secret Life Of Daydreams - From ""Pride & Prejudice"" Soundtrack",115.16,64.48,0.172,Classical
311,Erik Satie,3 Gymnopedies: No. 2. Lent et triste,191.29,64.49,0.318,Classical
312,Hector Berlioz,Roméo et Juliette  Op. 17  H 79  Pt. 2: No. 2a  Roméo seul,448.613,64.59,0.0367,Classical
313,Johann Sebastian Bach,Goldberg Variations  BWV 988: Aria,236.307,64.61,0.201,Classical
314,Felix Mendelssohn,Piano Trio No. 1 in D Minor  Op. 49: II. Andante con moto tranquillo,375.2,64.61,0.0758,Classical
315,Manuel Ponce,Moderato malinconico,140.4,64.62,0.0918,Classical
316,Andrea Bocelli,Un'Anima,271.52,64.63,0.135,Classical
317,Frederick Delius,2 Aquarelles: No. 1. Lento  ma non troppo,132.8,64.65,0.0323,Classical
318,Johann Sebastian Bach,Book I: Prelude and Fugue No. 2 in C Minor BWV 847: I. Prelude,78.2,64.66,0.281,Classical
319,Alexis Weissenberg,Suite bergamasque  L.75: 3. Clair de lune,302.96,64.67,0.0398,Classical
320,Jan Johansson,One for my baby,256.187,64.7,0.157,Jazz
321,Odetta,Sakura - Live,158.52,64.71,0.285,Blues
322,The Wood Brothers,The Muse,201,64.71,0.239,Blues
323,The Wood Brothers,The Muse,201,64.71,0.239,Rock
324,Christoph Willibald Gluck,Orfeo ed Euridice: Dance Of The Blessed Spirits from Orfeo ed Euridice,370.333,64.72,0.0983,Classical
325,Ryuichi Sakamoto,The Last Emperor: Theme Variation 1,139.133,64.73,0.0606,Anime
326,Eminence Symphony Orchestra,Letter from Mikako,224.733,64.75,0.267,Anime
327,The Band Of Heathens,Hurricane,319.228,64.76,0.356,Country
328,The Band Of Heathens,Hurricane,319.228,64.76,0.356,Rock
329,Howard Shore,Many Meetings,185.427,64.79,0.0359,Classical
330,François Couperin,Le Rossignol-en-Amour: 14ème ordre  3ème livre,156.233,64.8,0.371,Classical
331,J. Cole,Interlude,99.68,64.83,0.157,Hip-Hop
332,XXXTENTACION,changes,121.887,64.93,0.52,Rap
333,Kodak Black,Off The Land,225.726,64.94,0.477,Rap
334,Kodak Black,Off The Land,225.726,64.94,0.477,Hip-Hop
335,Aaron Taylor,I Think I Love You Again,220,64.95,0.383,Jazz
336,Frédéric Chopin,"12 Etudes  Op.10 : No. 3 In E ""Tristesse""",260.2,65.02,0.0382,Classical
337,Drake,The Real Her,321.08,65.04,0.509,Rap
338,Wolfgang Amadeus Mozart,Piano Sonata No. 16 in C Major  K545: II. Andante,410.387,65.04,0.305,Classical
339,Drake,The Real Her,321.08,65.04,0.509,Hip-Hop
340,Russ,Back To You,207.547,65.05,0.27,Rap
341,Russ,Back To You,207.547,65.05,0.27,Hip-Hop
342,Sviatoslav Richter,Prelude In A Flat Major Op. 238,176.413,65.06,0.17,Classical
343,Morten Lauridsen,O Magnum Mysterium: O magnum mysterium,415.8,65.06,0.0331,Classical
344,Nobuo Uematsu,Light of Destiny,175.933,65.08,0.27,Anime
345,Mika Nakashima,Melody,282.213,65.09,0.207,Anime
346,Des Rocs,Maybe  I,186.748,65.1,0.415,Alternative
347,Des Rocs,Maybe  I,186.748,65.1,0.415,Blues
348,Ezra Furman,I Wanna Be Your Girlfriend,209.16,65.14,0.321,Alternative
349,Giovanni Battista Sammartini,III. Adagio,120.347,65.14,0.162,Classical
350,Frédéric Chopin,Chopin: Nocturne No. 5 in F-Sharp Major  Op. 15 No. 2,160.04,65.15,0.065,Classical
351,André Previn,That's Where The South Begins,270.327,65.16,0.203,Classical
352,Art Pepper,You Go To My Head,258.04,65.23,0.301,Jazz
353,Robert Schumann,Album for the Young  Op. 68: 6. Armes Waisenkind,76.747,65.23,0.44,Classical
354,Ludwig van Beethoven,"Piano Trio No.7 in B Flat  Op.97 ""Archduke"": 3. Andante cantabile  ma però con moto - Poco più adagio",823,65.25,0.0841,Classical
355,Pēteris Vasks,The Fruit of Silence,447.321,65.3,0.0347,Classical
356,Gabriel Fauré,Requiem  Op. 48: VIII. In Paradisum,175.413,65.32,0.0364,Classical
357,Karol Radziwonowicz,Chopin: Fantaisie-impromptu In C Sharp Minor Op.66,269.867,65.34,0.0437,Classical
358,Austin Wintory,Cathedrals of Steel,123.57,65.39,0.0382,Anime
359,Frédéric Chopin,Nocturne in E-Flat Major  Op. 55  No. 2,366.32,65.39,0.0593,Classical
360,Austin Wintory,No Destinies Ordained,128.436,65.4,0.0336,Anime
361,Gustav Mahler,Symphony No.5 in C sharp minor - Arr. Flint: Adagietto,576.613,65.4,0.106,Classical
362,Stan Getz,Ballad,346.16,65.41,0.208,Jazz
363,Camille Saint-Saëns,Romance for Horn and Piano in F Major  Op. 36: Moderato,203,65.41,0.217,Classical
364,Walter Gieseking,Preludes  Premier Livre: Triste et Lent (...Des Pas Sur la Neuge),207.747,65.41,0.167,Classical
365,Bill Evans,What Are You Doing The Rest Of Your Life?,245,65.42,0.0394,Jazz
366,Einojuhani Rautavaara,"Piano Concerto No. 3  ""Gift of Dreams"": II. Adagio assai",715.52,65.42,0.0338,Classical
367,Antonín Dvořák,Violin Sonatina in G Major  Op. 100  B. 183: II. Larghetto,257.093,65.43,0.0546,Classical
368,Howard Hanson,Symphony No. 6: VI. Allegro,115.24,65.43,0.0891,Classical
369,Frédéric Chopin,Fugue in A Minor  B. 144,142.973,65.49,0.0946,Classical
370,Igor Stravinsky,The Firebird Suite *: Firebird: Lullaby,207.867,65.5,0.0372,Classical
371,Johann Sebastian Bach,Violin Partita No. 3 in E Major  BWV 1006: IV. Menuets I & II,257.013,65.53,0.583,Classical
372,Deeb,Theme From Endless Sunset,226.364,65.58,0.037,Jazz
373,Antonín Dvořák,2 Pieces  Op. posth.  B. 188: No. 1. Lullaby in G Major,191.76,65.59,0.0577,Classical
374,Eartha Kitt,Love for Sale,187.2,65.61,0.401,Jazz
375,Gabriel Fauré,Masques et bergamasques Suite  Op. 112: IV. Pastorale,263.533,65.61,0.0364,Classical
376,Ryuichi Sakamoto,Haru,279.56,65.63,0.245,Anime
377,Ryuichi Sakamoto,Haru,279.56,65.63,0.245,Classical
378,Jean-Yves Thibaudet,Impromptu In G Flat D899 No.3: Andante,368.147,65.7,0.0394,Classical
379,Alfred Brendel,Klavierkonzert Für Klavier Und Orchester Nr. 27 In B-Dur  KV 595: 2. Satz,477.733,65.74,0.0631,Classical
380,Richard Strauss,Arabella  Op. 79  TrV 263  Act I: Die Karten fallen besser als das letzte Mal (Live),289.267,65.75,0.13,Classical
381,Eric Whitacre,Hurt,427.68,65.76,0.0358,Classical
382,Robert Schumann,Schumann: Kinderszenen  Op. 15: VII. Träumerei,194.427,65.76,0.178,Classical
383,Ola Gjeilo,Northern Lights,248.693,65.77,0.0329,Classical
384,Howard Shore,The Pass Of Caradhras,304.013,65.79,0.0352,Classical
385,Igor Stravinsky,バレエ音楽火の鳥組曲  終曲 (1919年版),192.44,65.81,0.0682,Classical
386,Felix Mendelssohn,Clarinet Sonata in E-Flat Major: II. Andante,262.667,65.81,0.113,Classical
387,Eric Whitacre,Leonardo Dreams of his Flying Machine,504,65.82,0.0375,Classical
388,Claude Debussy,2 Arabesques in E Major  L. 66: I. Andantino con moto,245.076,65.83,0.122,Classical
389,Lecrae,Always Knew,214.613,65.84,0.508,Alternative
390,Franz Schubert,Impromptus  Op. 90  D. 899: Impromptu No. 4 in A-Flat Major,516.707,65.84,0.0391,Classical
391,Maurice Ravel,Boléro  M. 81,959.227,65.85,0.32,Classical
392,Frédéric Chopin,Chopin: Nocturne No. 21 in C Minor  Op. posth.,227.787,65.86,0.0486,Classical
393,Franz Liszt,Consolations  S. 172: No. 3 in D-Flat Major. Lento placido,275,65.86,0.0775,Classical
394,Eric Whitacre,Deep Field: Earth Choir,294.133,65.88,0.0259,Classical
395,Alexander Scriabin,12 Etudes for piano  Op.8: Etude Op. 8  No. 12 in D-sharp minor,145.24,65.89,0.207,Classical
396,Claude Debussy,La plus que lente  L.121,292.6,65.9,0.0457,Classical
397,Louis Armstrong,Summertime,298.133,65.92,0.121,Jazz
398,Pauline Oliveros,Suiren,601.6,65.92,0.0234,Classical
399,Shiro Sagisu,Attack of Titans,157.773,65.93,0.0809,Anime
400,Ruthie Foster,Lord Remember Me,191.16,65.93,0.322,Blues
401,Jóhann Jóhannsson,They Leave Everything Behind,69.084,65.98,0.0399,Classical
402,John Coltrane Quartet,I Wish I Knew,294.293,66,0.192,Jazz
403,BANKS,Crowded Places,262.26,66,0.112,Alternative
404,Jay Sean,Down,212.107,66,0.71,Rap
405,Yuji Ohno & Lupintic Five,Princess of the breeze [EP solo],140.693,66.01,0.151,Anime
406,Bessie Smith,Nobody Knows You When You're Down and Out,176.8,66.08,0.233,Jazz
407,Chucho Valdés,Chopin: Prelude In E-Minor,270.067,66.08,0.0388,Jazz
408,Georges Bizet,Jeux d'enfants  Op.22 WD 56: 3. La poupée,141.787,66.09,0.258,Classical
409,Johann Sebastian Bach,"Aria mit 30 Veränderungen  BWV 988 ""Goldberg Variations"": Aria - Live",218.267,66.1,0.313,Classical
410,Pascal Rogé,Sarabande No.3,254.04,66.11,0.185,Classical
411,Jonny Greenwood,Open Spaces,235.907,66.12,0.0366,Classical
412,Claude Debussy,Preludes  L 117  Book I: X. La cathédrale engloutie,330.88,66.12,0.0389,Classical
413,Frédéric Chopin,Chopin : Nocturne No.20 in C sharp minor Op. posth.,254.8,66.13,0.175,Classical
414,Georges Bizet,Carmen Suite No. 2: III. Nocturne,309.56,66.14,0.0365,Classical
415,Frédéric Chopin,"Waltz in A-Flat Major  Op. 69 No. 1 ""L'adieu"" (Ed. J. Fontana)",274.16,66.17,0.145,Classical
416,Pyotr Ilyich Tchaikovsky,"Symphony No. 6 in B Minor  Op. 74 ""Pathétique"": II. Allegro con grazia",462.707,66.2,0.105,Classical
417,Howard Hanson,"Symphony No. 2  Op. 30  ""Romantic"": II. Andante con tenerezza",441.773,66.23,0.0323,Classical
418,Wolfgang Amadeus Mozart,Symphony No. 25 in G Minor  K. 183: III. Menuetto (Live),221.16,66.23,0.239,Classical
419,Peter Schmalfuss,2 Legenden: La prédication aux oiseaux,596.24,66.24,0.0536,Classical
420,Jóhann Jóhannsson,They Being Dead Yet Speaketh,627.96,66.24,0.0325,Classical
421,Gerald Finzi,Eclogue for Piano and Strings  Op. 10,660.24,66.25,0.103,Classical
422,Jacques Offenbach,Les contes d'Hoffmann  Act II: Jour et nuit je me mets en quatre (Live),218.067,66.26,0.0757,Classical
423,Claude Debussy,Deux Arabesques L. 66: No. 1 Andante con moto,234,66.28,0.0552,Classical
424,Samuel Barber,Nocturne  'Homage to John Field' Op. 33,275.373,66.31,0.0372,Classical
425,Frédéric Chopin,19 Nocturnes: No. 9 in B major Op. 32 No. 1,283.84,66.32,0.174,Classical
426,Ludwig van Beethoven,Eroica Variations in E-Flat Major  Op. 35: Var. 8,54.326,66.33,0.223,Classical
427,Jules Massenet,Thaïs: Thais  Act II: Meditation (version for violin and piano),315.507,66.34,0.0378,Classical
428,Traviezoz de la Zierra,Me Pegó la Gana,168.533,66.34,0.857,Hip-Hop
429,Etta James,Misty,195.4,66.37,0.206,Jazz
430,Lang Lang,Marilyn's Theme,108.853,66.38,0.206,Classical
431,Sharon Jones & The Dap-Kings,Matter of Time,202.427,66.42,0.472,Jazz
432,John Mayer,Edge of Desire,332.067,66.44,0.455,Rock
433,Wolfgang Amadeus Mozart,Requiem  K. 626. Rex Tremendae Majestatis,125.507,66.44,0.164,Classical
434,Drake,Light Up,274.147,66.45,0.188,Hip-Hop
435,Wolfgang Amadeus Mozart,Requiem in D Minor  K. 626: IVb. Offertory No. 2  Hostias et preces (Live),224.96,66.47,0.076,Classical
436,Maurice Ravel,Ravel: Miroirs  M. 43: III. Une barque sur l'océan,420.187,66.48,0.0289,Classical
437,Robert Schumann,Davidsbündertänze Op.6  Book II: Wie aus der Ferne,243.96,66.52,0.108,Classical
438,Frédéric Chopin,Nocturnes  Op. 62: No. 2 in E major. Lento,380.067,66.52,0.0817,Classical
439,Johann Sebastian Bach,Suite No. 5 in C Minor  BWV 1011: V. Gavotte & VI. Gavotte,333.013,66.53,0.413,Classical
440,Martina McBride,A Broken Wing,215.933,66.62,0.203,Country
441,Ludwig van Beethoven,Piano Sonata No. 14 in C-Sharp Minor  Op. 27  No. 2 'Moonlight': I. Adagio sostenuto,307.627,66.62,0.0715,Classical
442,Francis Poulenc,Sonata for 2 Pianos  FP 156: I. Prologue,414.133,66.62,0.0389,Classical
443,Ludwig van Beethoven,ベートーヴェン:ピアノ・ソナタ 第8番 ハ短調 作品13《悲愴》 - II. ADAGIO CANTABILE,312.573,66.63,0.101,Classical
444,Johann Sebastian Bach,Cello Suite No. 2 in D Minor  BWV 1008: V. Menuets I & II,179.853,66.63,0.419,Classical
445,Franz Liszt,Via Crucis  S. 53: Station X. Jesus wird entkleidet,99.267,66.63,0.126,Classical
446,Larry Carlton,Sleepwalk,275.226,66.64,0.18,Jazz
447,Willie Nelson,Crazy,172,66.66,0.238,Country
448,Cocteau Twins,Fotzepolitic,210.933,66.67,0.141,Electronic
449,David Crowder Band,After All (Holy),276.093,66.67,0.124,Alternative
450,Ella Fitzgerald,Stars Fell On Alabama,215.507,66.67,0.175,Blues
451,Wolfgang Amadeus Mozart,Piano Quartet No. 1 in G Minor  K. 478: II. Andante,418.133,66.67,0.173,Classical
452,Vladimir Horowitz,"Etude-fantasie in E-Flat Major  Op. 4  ""Les Vagues""",165.373,66.69,0.0397,Classical
453,Francis Poulenc,Improvisations  FP 63: No. 2 in A-Flat Major,92.093,66.7,0.402,Classical
454,Robert Schumann,Schumann : Kinderszenen [Scenes from Childhood] Op.15 : VII Träumerei,176.227,66.7,0.343,Classical
455,Ólafur Arnalds,partial,196.088,66.72,0.0596,Classical
456,Frédéric Chopin,12 Études  Op. 10: No. 11 in E-Flat Major,180.84,66.72,0.0625,Classical
457,Frédéric Chopin,Waltz in B Minor  Op. 69 No. 2,166.827,66.73,0.225,Classical
458,Gojira,Magma,402.493,66.75,0.191,Alternative
459,Maren Morris,Make Out With Me,136.547,66.75,0.642,Country
460,Pinegrove,Aphasia,270.933,66.75,0.349,Rock
461,Vince Gill,When I Call Your Name,255.133,66.79,0.195,Country
462,Wolfgang Amadeus Mozart,Requiem  K. 626. Confutatis,139.867,66.8,0.0348,Classical
463,Leonard Bernstein,Mass: No. 2  Hymn & Psalm. A Simple Song (Arr. For Voice  Flute  Electric Guitar  Harp & Organ),275.76,66.8,0.0395,Classical
464,Wolfgang Amadeus Mozart,La clemenza di Tito  K. 621  Act II: Ah  grazie si rendano,209.04,66.84,0.0698,Classical
465,Nobuo Uematsu,"The Successor: Piano Collections Version (From ""Final Fantasy VIII"") [For Piano Solo]",267.328,66.87,0.0392,Anime
466,Dean Martin,Memories Are Made Of This - Remastered,136.747,66.87,0.517,Jazz
467,Nobuo Uematsu,"Aria Di Mezzo Carattere (Celes's Theme from ""Final Fantasy VI"")",234,66.88,0.0766,Anime
468,Ryuichi Sakamoto,Second Dream,73.242,66.9,0.101,Anime
469,Yuki Hayashi,流星,165.173,66.92,0.213,Anime
470,Frédéric Chopin,Chopin: Waltz No. 8 in A-Flat Major  Op. 64 No. 3,253.493,66.92,0.175,Classical
471,Edvard Grieg,Lyric Pieces Book III  Op.43: 6. To Spring,199.133,66.92,0.038,Classical
472,6LACK,Disconnect,265.883,66.93,0.184,Alternative
473,6LACK,Disconnect,265.883,66.93,0.184,Hip-Hop
474,Frédéric Chopin,Nocturne No. 2 in E Flat  Op. 9 No. 2,285,66.94,0.0953,Classical
475,Franz Liszt,"Romance ""O pourquoi donc"" in E Minor  S. 169",185.493,66.94,0.0336,Classical
476,Erik Satie,Trois gymnopédies: No. 1,366,66.94,0.494,Classical
477,Frédéric Chopin,Chopin : Nocturne No.8 in D flat major Op.27 No.2,375.787,66.95,0.0377,Classical
478,Aimer,Twinkle Twinkle Little Star Prologue,88.347,66.96,0.147,Anime
479,Tom Walker,Cry Out,205.631,66.97,0.455,Rock
480,Ludwig van Beethoven,Sonata No. 31 in A-Flat Major  Op. 110: I. Moderato cantabile molto espressivo,396.24,66.97,0.0617,Classical
481,Giacomo Puccini,"Turandot / Act 3: ""Nessun dorma"" - Live",211.093,66.98,0.193,Classical
482,Shiro Sagisu,Tokyo-3,144.973,66.99,0.0543,Anime
483,Erik Satie,Three Gymnopédies (1888): Gymnopédie No. 1,236.76,66.99,0.205,Classical
484,Langhorne Slim,Alligator Girl,239.96,67.01,0.399,Country
485,Rittz,Switch Lanes,204.27,67.03,0.749,Country
486,Andrea Bocelli,"Un Reve De Liberté - ""Ali di Libertà"" French Version",210.265,67.06,0.18,Classical
487,The Skyliners,This I Swear,159.103,67.07,0.468,Blues
488,Abel Carlevaro,5 American Preludes - Scherzino,181.467,67.07,0.389,Classical
489,Ludwig van Beethoven,Diabelli Variations  Op. 120: Variation 9. Allegro pesante e risoluto,117.667,67.08,0.428,Classical
490,Frédéric Chopin,24 Préludes  Op. 28: No. 4. in E Minor,113,67.08,0.052,Classical
491,The Internet,Palace/Curse,440.013,67.1,0.261,Alternative
492,Andrea Bocelli,Ven a Mi,258.812,67.1,0.157,Classical
493,The Internet,Palace/Curse,440.013,67.1,0.261,Hip-Hop
494,Franz Liszt,Via Crucis  S. 53: Station XII. Jesus stirbt am Kreuze,356.027,67.13,0.0336,Classical
495,Samuel Barber,Piano Concerto  Op. 38: II. Canzone: Moderato,395.373,67.13,0.0383,Classical
496,Franz Schubert,Vier Impromptus  op.90 D.899: Vier Impromptus  op.90 D.899: III. Andante mosso  G flat major,350.107,67.14,0.0383,Classical
497,Wolfgang Amadeus Mozart,"Piano Sonata No.16 in C  K.545 ""Sonata facile"": 2. Andante",322.133,67.14,0.345,Classical
498,Lil Peep,Hate Me,180.6,67.15,0.405,Rap
499,Wolfgang Amadeus Mozart,Suite in C-dur: V. IV. Sarabande,148.667,67.15,0.435,Classical
500,Lil Peep,Hate Me,180.6,67.15,0.405,Hip-Hop
501,Jacquees,All About Us,181.027,67.17,0.797,Rap
502,Lights & Motion,Bloom,335.24,67.17,0.0359,Rock
503,Burna Boy,Dangote,225.743,67.17,0.8,Hip-Hop
504,Amilcare Ponchielli,"La Gioconda / Act 2: ""Cielo e mar""",314.987,67.18,0.0834,Classical
505,Frédéric Chopin,Chopin : 24 Preludes Op.28 : No.9 in E major,107.493,67.18,0.0331,Classical
506,Yuki Hayashi,私から君へ,175.973,67.19,0.0598,Anime
507,Maurice Ravel,Jeux d’eau  M 30,326.4,67.19,0.0325,Classical
508,Austin Wintory,Third Confluence,100.372,67.2,0.0805,Anime
509,Max Reger,Lose Blaetter  Op. 13: XII. Choral,91.246,67.2,0.356,Classical
510,Sergei Rachmaninoff,Prelude in C-Sharp Minor  Op. 3 No. 2,238.547,67.21,0.119,Classical
511,Alison Wonderland,No - Paces Remix,234.638,67.23,0.392,Electronic
512,Cinderella,Nobody's Fool,287.4,67.23,0.157,Rock
513,Frédéric Chopin,Chopin: Berceuse in D-Flat Major  Op. 57,267.907,67.23,0.0397,Classical
514,Granville Bantock,Violin Sonata No.3 in C major,320.893,67.24,0.0324,Classical
515,Frédéric Chopin,Chopin : 24 Preludes Op.28 : No.13 in F sharp major,209.853,67.26,0.125,Classical
516,Ludwig van Beethoven,Piano Sonata No. 30 in E Major  Op. 109: I. Vivace ma non troppo,224.729,67.27,0.0689,Classical
517,Erik Satie,3 Gymnopedies (orch. Debussy): Gymnopedie No. 2,221,67.29,0.0541,Classical
518,György Ligeti,Ligeti : Requiem : II Kyrie,395.027,67.31,0.0268,Classical
519,Benjamin Britten,Night Piece (Notturno) (1963),323.44,67.32,0.0375,Classical
520,Franz Schubert,Piano Sonata No. 14 in A Minor  D. 784: II. Andante,226.293,67.33,0.078,Classical
521,Bruce Faulconer,Space Room,59.707,67.34,0.0349,Anime
522,Frédéric Chopin,Ballade No. 1 in G minor  Op. 23: Largo - Moderato - Meno mosso - Presto con fuoco,530.827,67.34,0.0844,Classical
523,Ludacris,Georgia,261.293,67.35,0.528,Hip-Hop
524,Frédéric Chopin,Prélude No.25 in C sharp minor  Op.45,338.933,67.36,0.104,Classical
525,Mozzy,Sleep Walkin,184.737,67.41,0.743,Rap
526,Hoodie Allen,Champagne and Pools (feat. Blackbear & Kyle),214.413,67.41,0.852,Rap
527,Sergei Rachmaninoff,Piano Concerto No. 2 in C Minor  Op. 18: Adagio sostenuto,750.493,67.41,0.0367,Classical
528,Daveed Diggs,The Election of 1800,237.983,67.41,0.645,Hip-Hop
529,Ryuichi Sakamoto,ff,312.603,67.43,0.0266,Anime
530,Muzio Clementi,"Symphony No. 3 in G Major  WoO 34  ""Great National Symphony"" (edited by P. Spada): IV. Finale: Vivace",330.467,67.43,0.18,Classical
531,Billie Holiday,You Go To My Head,174.867,67.44,0.266,Jazz
532,Erik Satie,Gymnopédie No. 2,194.893,67.45,0.35,Classical
533,josh pan,wait for me,257.778,67.5,0.49,Electronic
534,Never Shout Never,Bigcitydreams,193,67.5,0.653,Alternative
535,Borgore,My Favorite Tingz,242.74,67.55,0.327,Electronic
536,Wolfgang Amadeus Mozart,"Serenade in G  K.525 ""Eine kleine Nachtmusik"": 2. Romance (Andante)",366,67.55,0.0788,Classical
537,Peter Schmalfuss,Nocturnes  op.37/1 in G minor,382.359,67.56,0.242,Classical
538,Robert Schumann,Fantasiestücke Op. 12: III. Warum?,164.933,67.59,0.034,Classical
539,Giuseppe Verdi,La traviata: Libiamo ne'lieti calici (Brindisi),182.12,67.61,0.414,Classical
540,Drake,305 To My City,255.853,67.62,0.134,Rap
541,Ludwig van Beethoven,Diabelli Variations  Op. 120: Variation 11. Allegretto,65.387,67.62,0.28,Classical
542,Philip Glass,Six Etudes for Piano - q = 96,288.307,67.62,0.0369,Classical
543,Louis Armstrong,La vie en rose,210.907,67.65,0.212,Jazz
544,Smino,SPINZ,230.211,67.67,0.233,Alternative
545,Smino,SPINZ,230.211,67.67,0.233,Rap
546,Little Eva,Please Hurt Me,167.733,67.7,0.536,Blues
547,Ludwig van Beethoven,"Piano Sonata No. 14 (quasi una Fantasia) in C-Sharp Minor  Op. 27 No.2 ""Moonlight"": I. Adagio sostenuto",269.293,67.71,0.0688,Classical
548,Giuseppe Verdi,"Rigoletto / Act 3: ""La donna è mobile""",143.581,67.71,0.379,Classical
549,English Chamber Orchestra,"Georgiana - From ""Pride & Prejudice"" Soundtrack",95.307,67.71,0.224,Classical
550,Wolfgang Amadeus Mozart,Requiem  K. 626: VIII. Communio. Lux aeterna,435.08,67.72,0.068,Classical
551,Bonnie Raitt,Have A Heart,289.971,67.73,0.432,Blues
552,Frédéric Chopin,"Preludio Op. 28 No. 4 ""The Pain Room"" - Re-Recorded Version",138.067,67.73,0.036,Classical
553,César Franck,Franck / Arr Delsart: Violin Sonata in A Major  FWV 8: IV. Allegretto poco mosso (Arr. Delsart for Cello & Piano),396.64,67.74,0.174,Classical
554,The Marcus King Band,Fraudulent Waffle,320.694,67.75,0.251,Blues
555,Frédéric Chopin,Berceuse In D Flat  Op.57: Andante,278.96,67.75,0.0947,Classical
556,George Crumb,Eine Kleine Mitternachtmusik: VII. Blues in the Night,207.293,67.75,0.0793,Classical
557,Alexander Borodin,Piano Quintet in C Minor: I. Andante,267,67.76,0.0908,Classical
558,Jonny Greenwood,I'll Follow Tomorrow,80.56,67.76,0.0375,Classical
559,Jon Batiste,Chopinesque,222.573,67.77,0.155,Jazz
560,Gustav Holst,The Planets  Op. 32: VII. Neptune  the Mystic,486.12,67.81,0.0287,Classical
561,Hugar,Inngangur,87.517,67.82,0.349,Classical
562,Monte Booker,Kompany,209.869,67.85,0.718,Alternative
563,Nobuo Uematsu,A Place to Call Home,128.6,67.86,0.515,Anime
564,Diana Krall,Dream,243.48,67.86,0.184,Jazz
565,Johannes Brahms,16 Waltzes  Op. 39: No. 15 In A Flat Major,94.333,67.86,0.133,Classical
566,Johann Sebastian Bach,Concerto en ré mineur  BWV 974: II. Adagio,253.413,67.87,0.0638,Classical
567,Kendrick Lamar,Chapter Six,161.138,67.9,0.67,Rap
568,Kendrick Lamar,Chapter Six,161.138,67.9,0.67,Hip-Hop
569,Franz Schubert,4 Impromptus  D. 899  Op. 90: No. 3 in G-Flat Major. Andante,364.44,67.91,0.0507,Classical
570,César Franck,Sonata In A Major For Violin & Piano  FWV 8: 1. Allegretto ben moderato,380.227,67.91,0.0357,Classical
571,Franz Schubert,Wandrers Nachtlied II  Op. 96 No. 3  D. 768 (Arr. X. van Dijk for String Quartet),129.867,67.91,0.0366,Classical
572,Arcangelo Corelli,Sonata a 3 in B Minor  Op. 4  No. 12: I. Preludio: Largo,200.44,67.93,0.0861,Classical
573,Franz Schubert,12 Valses Nobles  D. 969: No. 1-4  9-10 & 12,428.96,67.93,0.145,Classical
574,The Whispers,Lady,307.507,67.95,0.71,Jazz
575,Benjamin Britten,The Young Person's Guide to the Orchestra  Op.34,993.68,67.95,0.0987,Classical
576,Evgeny Kissin,Lilacs No. 5  Op. 21,130.973,67.95,0.182,Classical
577,Yoshihisa Hirano,野の春,95.573,67.96,0.0624,Anime
578,Fourplay,The Closer I Get To You,301.773,67.96,0.278,Jazz
579,Frédéric Chopin,Nocturnes  Op. 9: No. 3 in B Major,400.8,67.97,0.126,Classical
580,A$AP Rocky,Jukebox Joints,323.96,67.98,0.556,Hip-Hop
581,George Strait,Today My World Slipped Away,184.75,68,0.176,Country
582,Domenico Cimarosa,Keyboard Sonata in F Major  C. 31: I. Allegro,64.587,68.03,0.487,Classical
583,Tigran Hamasyan,Rays of Light,226.733,68.04,0.0395,Jazz
584,Zayde Wølf,Born Ready,229.583,68.04,0.353,Alternative
585,LaVern Baker,Soul on Fire,185.387,68.07,0.672,Blues
586,André Laplante,Une Barque Sur L'océan from Miroirs,430.568,68.08,0.0308,Classical
587,Edward Elgar,The Snow  Op. 26 No. 1,313,68.09,0.0397,Classical
588,Pink Floyd,Eclipse,130.429,68.1,0.135,Rock
589,Nobuo Uematsu,Drifting,176.893,68.12,0.0325,Anime
590,Wolfmother,Witchcraft,205.44,68.14,0.523,Blues
591,Pyotr Ilyich Tchaikovsky,Romeo and Juliet Fantasy Overture  TH 42,1163.16,68.14,0.0388,Classical
592,Antonín Dvořák,"Symphony No. 9 in E Minor  Op. 95  B. 178 ""From the New World"": II. Largo (Live)",713.893,68.14,0.036,Classical
593,Yuka,ナウシカ・レクイエム(風の谷のナウシカより),196.68,68.16,0.205,Anime
594,Jonas Kaufmann,"La Bohème / Act 1: ""Che gelida manina""",306.907,68.16,0.0629,Classical
595,Hooverphonic,2 Wicky,284.293,68.17,0.446,Electronic
596,Ajmw,Nights In West,176.471,68.18,0.0398,Jazz
597,Frédéric Chopin,Chopin: Piano Concerto No. 1 in E Minor  Op. 11: II. Romance (Larghetto) [Opening],233.667,68.18,0.0574,Classical
598,Jimi Hendrix,Hey Gypsy Boy,219.573,68.2,0.143,Blues
599,Frédéric Chopin,"Piano Sonata No. 2 in B-Flat Minor  Op. 35 ""Funeral March"": IV. Finale. Presto",65.307,68.25,0.278,Classical
600,Bruce Faulconer,Heaven Sent Trunks,54.827,68.27,0.217,Anime
601,Eric Whitacre,5 Hebrew Love Songs: 2. Kalá kallá (Version for Male Choir),181,68.27,0.0687,Classical
602,Christoph Willibald Gluck,Orfeo ed Euridice  Wq. 30: Melody (Arr. for Piano),245.312,68.28,0.0972,Classical
603,Pablo Casals,Song of the Birds,222.053,68.29,0.0246,Classical
604,Gustav Mahler,Symphony No. 7 in E Minor: 4. Nachtmusik (Andante amoroso),768.053,68.29,0.0603,Classical
605,Jóhann Jóhannsson,Collapsing Inwards,137.35,68.32,0.0323,Classical
606,Capcom Sound Team,Serenity,81.427,68.33,0.179,Anime
607,Big John Patton,Let 'Em Roll,408.267,68.34,0.724,Jazz
608,Charles Ives,The Unanswered Question,355.573,68.34,0.0373,Classical
609,Pyotr Ilyich Tchaikovsky,Tchaikovsky: Nocturne Op. 19 No. 4,216.787,68.36,0.0588,Classical
610,Gabriel Fauré,Nocturne No. 4 in E-Flat Major  Op. 36,391.507,68.36,0.0526,Classical
611,Jim Hall,Ballad Z,274.12,68.38,0.0911,Jazz
612,Ryuichi Sakamoto,memory of a single moment,91.261,68.39,0.038,Anime
613,Austin Wintory,First Confluence,100.846,68.41,0.0302,Anime
614,Frédéric Chopin,Ballade No. 4 en Fa Mineur  Op 52,356.467,68.41,0.0362,Classical
615,Heatwave,The Star of a Story,346.573,68.42,0.467,Jazz
616,Wolfgang Amadeus Mozart,"Serenade in B Flat  K. 361 ""Gran partita"" : 3. Adagio",339,68.42,0.039,Classical
617,Lukas Nelson and Promise of the Real,Want Me Around,315.665,68.43,0.158,Blues
618,Frédéric Chopin,Nocturnes  Op. 9: No. 2  Andante in E-Flat Major,247.525,68.43,0.11,Classical
619,Sam Hunt,Break Up In A Small Town - Acoustic Mixtape,185.907,68.47,0.487,Country
620,Wolfgang Amadeus Mozart,Horn Concerto No.3 in E flat  K.447: 2. Romanze (Larghetto),287,68.47,0.105,Classical
621,The Beatles,I'm So Tired - Remastered 2009,123.493,68.49,0.717,Rock
622,Eagles Of Death Metal,Trouble,182.64,68.5,0.575,Blues
623,Frédéric Chopin,"Polonaise No. 15 in B-Flat Minor  ""Adieu""",327.48,68.51,0.0899,Classical
624,T-Bone Walker,Call It Stormy Monday (But Tuesday Is Just As Bad),183.027,68.53,0.444,Jazz
625,Etta James,Sunday Kind of Love,360.6,68.53,0.178,Blues
626,Erik Satie,Pieces froides: II. Trois Danses de travers,279.44,68.53,0.084,Classical
627,George Strait,That's My Kind Of Woman,204.867,68.54,0.323,Country
628,Reba McEntire,Stronger Than The Truth,250.56,68.54,0.312,Country
629,Agustín Barrios Mangoré,Estilo y pericón,173.667,68.54,0.201,Classical
630,George Frideric Handel,Menuet en Sol Mineur  Transcription de Wilhem Kempff d’après Le Menuet de la Suite en Si Bémol Majeur No. 1  HWV 434  1er Cahier,275.64,68.54,0.0851,Classical
631,Takeshi Senoo,帰郷,332.4,68.55,0.0825,Anime
632,Ella Fitzgerald,Manhattan,171.533,68.56,0.433,Jazz
633,Sergei Rachmaninoff,Piano Concerto No. 3 in D Minor  Op. 30: II. Intermezzo - Adagio,576.64,68.56,0.037,Classical
634,Bruce Lamont,Moonlight and the Sea,418.507,68.58,0.338,Jazz
635,6LACK,PRBLMS,246.773,68.58,0.139,Alternative
636,6LACK,PRBLMS,246.773,68.58,0.139,Rap
637,6LACK,PRBLMS,246.773,68.58,0.139,Hip-Hop
638,Diana Krall,What Are You Doing New Year's Eve?,249.96,68.59,0.114,Jazz
639,Gary Clark Jr.,Dirty Dishes Blues,303.693,68.59,0.395,Blues
640,Frédéric Chopin,Fantaisie-Impromptu  Op.66: Fantaisie-Impromptu  Op.66,321.787,68.61,0.0851,Classical
641,Nobuo Uematsu,Love Grows (Final Fantasy VIII),310.307,68.62,0.0568,Classical
642,Franz Schubert,Sonata In A Minor  D.821 „Arpeggione“: 2. Adagio,274.613,68.68,0.038,Classical
643,Frédéric Chopin,Chopin: Mazurka No. 40 in F Minor  Op. 63 No. 2,119.907,68.7,0.0619,Classical
644,Frédéric Chopin,"Chopin: Waltz No. 9 in A-Flat Major  Op. 69 No. 1  ""The Farewell Waltz """,268.16,68.71,0.116,Classical
645,Frédéric Chopin,Nocturne No. 1 en Do Mineur  Op 48,430.293,68.71,0.0897,Classical
646,Robert Schumann,Kinderszenen (Scenes of Childhood)  Op. 15: VII. Traumerei (Dreaming),165.693,68.73,0.279,Classical
647,Franz Schubert,Piano Sonata No.21 in B flat  D.960: 2. Andante sostenuto,540.467,68.77,0.0388,Classical
648,Ola Gjeilo,Evening Prayer,356.16,68.78,0.0411,Classical
649,Harold Budd,How Vacantly You Stare at Me,236.467,68.79,0.0477,Classical
650,Antonín Dvořák,"Largo aus der ""Neuen Welt"" / 9. Sinfonie (Largo from The New World)",315.4,68.79,0.0347,Classical
651,Trisha Yearwood,For the Last Time,231.907,68.8,0.168,Country
652,Claude Debussy,Suite Bergamasque  L 75: Clair de lune,313.907,68.8,0.04,Classical
653,Alexandre Tansman,Visit to Israel: IX. Yemenite Cradle Song,121.12,68.81,0.168,Classical
654,Yuki Hayashi,失恋,180.829,68.82,0.131,Anime
655,Sergei Rachmaninoff,Rhapsody on a Theme by Paganini  Op.43: Variation 18,156.967,68.84,0.0617,Classical
656,dvsn,Mood,215.045,68.85,0.168,Alternative
657,dvsn,Mood,215.045,68.85,0.168,Rap
658,Matt Andersen,Quarter On The Ground ( A Song For Uncle Joe),216.453,68.85,0.49,Blues
659,Frederick Delius,5 Songs from the Norwegian: No. 5. Sunset (arr. J. Lloyd Webber for cello and piano),155.08,68.85,0.0394,Classical
660,dvsn,Mood,215.045,68.85,0.168,Hip-Hop
661,Yasuharu Takanashi,Eclair no Kioku,76.827,68.86,0.166,Anime
662,Kid Cudi,REVOFEV,183.173,68.86,0.381,Rap
663,Claude Debussy,Images - Book 1  L. 110: 2. Hommage à Rameau,415.2,68.89,0.0419,Classical
664,Arcade Fire,"Baby Mine - From ""Dumbo""/Soundtrack Version",176.467,68.9,0.15,Alternative
665,Felix Mendelssohn,Songs Without Words  Book VI Opus 67: No. 2 in F-Sharp Minor,120.027,68.9,0.503,Classical
666,Joe Hisaishi,Stand Alone,236.688,68.93,0.325,Anime
667,Franz Schubert,No. 3 in G-Flat Major,377.507,68.93,0.0762,Classical
668,Arthur Lourié,5 Préludes fragiles  Op. 1: Prelude No. 1: Lento,108.227,68.93,0.134,Classical
669,Little Walter,Blue And Lonesome - Single Version,174.813,68.96,0.757,Blues
670,Sarah Davachi,Gilded,210.716,68.98,0.0307,Jazz
671,The White Stripes,The Union Forever,206.333,68.98,0.0735,Blues
672,Johann Sebastian Bach,Suite No. 4 in E-Flat Major  BWV 1010: V. Bourrée & VI. Bourrée,311.947,68.98,0.519,Classical
673,Frédéric Chopin,Mazurka in C Minor  Op. 56 No. 3,341.44,68.98,0.087,Classical
674,The Platters,Sleepy Lagoon,165.173,68.99,0.541,Jazz
675,The Platters,Sleepy Lagoon,165.173,68.99,0.541,Blues
676,Claude Debussy,Debussy: Suite bergamasque  L. 82: III. Clair de lune,300.053,68.99,0.0645,Classical
677,Claude Debussy,Images  Set 1  L. 110: Reflets dans L'eau,343,69,0.0331,Classical
678,Austin Wintory,The Road Forward,148.365,69.02,0.0731,Anime
679,Johann Sebastian Bach,Concerto for three violins BWV 1064R in D Major: Concerto for three violins BWV 1064R in D Major: II. Adagio,340.013,69.02,0.0784,Classical
680,Little Walter,Last Night,174.507,69.03,0.45,Blues
681,Sergei Rachmaninoff,Piano Concerto No. 3 in D Minor  Op. 30: I. Allegro ma non tanto,968.16,69.06,0.04,Classical
682,Jóhann Jóhannsson,A Spacetime Singularity,136.24,69.08,0.0287,Classical
683,Austin Wintory,Walls No Man Has Seen,115.593,69.1,0.0394,Anime
684,Sir Charles Jones,Tell Me How You Want It,267.853,69.1,0.663,Blues
685,Nobuo Uematsu,Memory Erased by a Storm,75.893,69.13,0.0367,Anime
686,Anton Bruckner,Aequali No. 1  WAB 114,101.853,69.15,0.0385,Classical
687,Frédéric Chopin,Nocturne No.19 in E minor  Op.72 No.1,252,69.18,0.0478,Classical
688,Howard Shore,The Tower Of Cirith Ungol,281.413,69.19,0.0338,Classical
689,Frédéric Chopin,Nocturnes: No. 18 in E Op. 62 No. 2,439.467,69.21,0.0719,Classical
690,Erik Satie,3 Morceaux en forme de poire: No. 1  Manière de commencement,157.453,69.21,0.0673,Classical
691,Helios,Seeming,155.867,69.25,0.0386,Rock
692,Philip Glass,Etude No. 5,344.6,69.29,0.0349,Classical
693,Ludwig van Beethoven,Piano Sonata No. 31 in A-Flat Major  Op. 110: III. Adagio ma non troppo - Fuga. Allegro ma non troppo,564.04,69.31,0.0611,Classical
694,George Gershwin,Song Book: The Man I Love. Slow and in singing style,145.2,69.33,0.0676,Classical
695,Kevin Penkin,Lifeblood,119.76,69.34,0.202,Anime
696,Morton Feldman,Rothko Chapel 5,172.867,69.34,0.0279,Classical
697,Johann Sebastian Bach,Cantata  BWV 208: Schafe können sicher weiden,218.147,69.36,0.203,Classical
698,Franz Liszt,6 Consolations  S. 172: No. 3 In D Flat Major (Lento  placido),254,69.38,0.0852,Classical
699,Yuki Hayashi,頂の景色,91.973,69.4,0.0394,Anime
700,Crystal Shawanda,You Can Let Go,214.08,69.4,0.273,Country
701,Frédéric Chopin,Berceuse in D-Flat Major  Op. 57,269.227,69.4,0.137,Classical
702,Coleman Hawkins,Greensleeves,194,69.42,0.139,Jazz
703,Frédéric Chopin,Nocturne No. 19 in E Minor  Op. 72 No. 1,251,69.42,0.051,Classical
704,Johann Nepomuk Hummel,Piano Concerto No. 3 in B Minor  Op. 89: II. Larghetto,473.04,69.43,0.0373,Classical
705,Atlantic Five Jazz Band,Walk In Blue,251.2,69.45,0.333,Jazz
706,Johann Sebastian Bach,The Well-Tempered Clavier  Book I: Prelude No. 13 in F-Sharp Major  BWV 858,117.387,69.45,0.252,Classical
707,Erik Satie,3 Gymnopédies: I. Lent et douloureux,220.733,69.46,0.315,Classical
708,Ryuichi Sakamoto,Bibo no Aozora/04,435.067,69.47,0.152,Anime
709,Tone Stith,Good Company (feat. Swae Lee & Quavo),249.507,69.47,0.691,Alternative
710,佐々木恵梨,Dia vo Lhizer,227.173,69.5,0.282,Anime
711,Gustav Holst,The Planets  Op. 32 (Remastered): II. Venus  the Bringer of Peace,575.013,69.5,0.0323,Classical
712,Jules Massenet,Thaïs / Act 2: Méditation (Arr. for Violin and Piano by Martin Marsick  Adapted for Cello and Piano by Mischa Maisky),329.787,69.51,0.0387,Classical
713,Jules Massenet,Méditation de Thaïs,293,69.55,0.0393,Classical
714,Lil Baby,Slow Mo,194.747,69.55,0.141,Hip-Hop
715,Eddie Taylor,Dark Road,217.12,69.56,0.626,Blues
716,Frédéric Chopin,Chopin: Ballade No. 1 in G Minor  Op. 23: (Largo - Moderato - Meno mosso - Presto con fuoco),539.533,69.56,0.0397,Classical
717,Eric Clapton,Blue Eyes Blue,282.733,69.59,0.142,Blues
718,Antonín Dvořák,Rusalka  Op. 114  B. 203  Act III: Líbej mne  líbej  mír mi přej (Live),590.8,69.59,0.039,Classical
719,Frédéric Chopin,Waltz in A Minor  B. 150  Op. posth.,132.667,69.6,0.144,Classical
720,Claude Debussy,Deux Arabesques: Deux arabesques  L66: No. 1 Andantino con moto,272.133,69.6,0.0739,Classical
721,Etta James,My Dearest Darling,185.107,69.62,0.608,Blues
722,Claude Debussy,Préludes  Livre 1  L. 117: 8. La fille aux cheveux de lin. Très calme et doucement expressif,147.32,69.64,0.107,Classical
723,Antonio Vivaldi,Nulla in mundo pax  RV 630: 1. Nulla in mundo pax sincera,445,69.66,0.117,Classical
724,Ólafur Arnalds,For Now I Am Winter,285.68,69.68,0.0363,Classical
725,Dawn Upshaw,Symphony No. 3  Op. 36: II. Lento e Largo - Tranquillissimo,567.987,69.68,0.0279999999999999,Classical
726,Wolfgang Amadeus Mozart,Piano Concerto No. 24 in C Minor  K. 491: III. Allegretto (Live),543.533,69.69,0.178,Classical
727,Giuseppe Verdi,Falstaff  Act III Pt. 2: Facciamo il parentado... Tutto nel mundo è burla (Live),227.693,69.71,0.29,Classical
728,Scott Hamilton,Min Soldat (My Soldier),506.32,69.72,0.354,Jazz
729,A$AP Rocky,Tony Tone,208.373,69.72,0.334,Hip-Hop
730,Childish Gambino,You See Me,195.373,69.75,0.686,Rap
731,Earl Sweatshirt,Ontheway!,101.987,69.79,0.474,Alternative
732,Gustav Holst,The Planets  Op. 32  H. 125: VII. Neptune  the Mystic,522.587,69.79,0.0269,Classical
733,Earl Sweatshirt,Ontheway!,101.987,69.79,0.474,Hip-Hop
734,Carl Orff,In Trutina (Carmina Burana),151.92,69.8,0.0377,Classical
735,Robert Schumann,Kinderszenen  Op. 15: I. Von fremden Ländern und Menschen,93.387,69.81,0.386,Classical
736,Johann Sebastian Bach,Invention No. 15 in B Minor  BWV 786,84.36,69.84,0.351,Classical
737,Austin Wintory,Echoes of a River,290.689,69.86,0.0392,Anime
738,Sebastian,Run for Me,229.989,69.86,0.119,Alternative
739,Johannes Brahms,Symphony No.4 In E Minor  Op.98: 2. Andante moderato,642.507,69.86,0.0387,Classical
740,Ludwig van Beethoven,Fidelio  Op. 72  Act I: Jetzt  Alter  jetzt hat es Eile! (Live),310.28,69.86,0.156,Classical
741,Subtronics,Hunted,274.286,69.87,0.108,Electronic
742,Jaden Smith,The Passion,269.702,69.87,0.0761,Rap
743,Jerry Vale,Al-di-la,196.227,69.88,0.103,Jazz
744,Billie Holiday,Good Morning  Heartache,188.16,69.88,0.318,Jazz
745,Pyotr Ilyich Tchaikovsky,Swan Lake  Ballet Suite  Op. 20: I. Scène (Lake in the Moonlight),185.44,69.88,0.0559999999999999,Classical
746,Edvard Grieg,Piano Sonata in E minor  Op.7 : 2. Andante molto,228.493,69.89,0.0602,Classical
747,Ludwig van Beethoven,Concerto for violin  cello and piano in C major op. 56 “Triple Concerto” : Largo (attacca),288.64,69.89,0.0381,Classical
748,Trygve Seim,Ciaccona per Embrik,360.413,69.9,0.235,Jazz
749,Frédéric Chopin,Chopin: Mazurka in A Minor  Op. 17 No. 4,268.707,69.9,0.0397,Classical
750,William Basinski,Melancholia II,410.987,69.91,0.0737,Jazz
751,Jason Moran,Intermezzo  Op. 118  No. 2 - Live,399.053,69.92,0.138,Jazz
752,The Allman Brothers Band,Hot 'Lanta - Live At The Final Fillmore East Concert  1971,351.627,69.92,0.357,Blues
753,Yuki Hayashi,心の拠りどころ,150.4,69.93,0.158,Anime
754,Antonín Dvořák,Dvorak: 8 Humoresques  Op. 101  B. 187: No. 7 in G-Flat Major (Poco lento e grazioso),184.853,69.93,0.1,Classical
755,Frederick Delius,2 Pieces for Small Orchestra: II. Summer Night On the River,358.093,69.93,0.0375,Classical
756,All Them Witches,Blood And Sand / Milk And Endless Waters,440.36,69.94,0.111,Blues
757,Doctor P,Fuckers,195.04,69.96,0.325,Electronic
758,Kenji Kawai,Bukkirabouna Yasashisa,142.56,69.97,0.0505,Anime
759,Ryuichi Sakamoto,"Wild Palms Main Theme (From ""Wild Palms"")",151.853,69.97,0.0487,Anime
760,Passion Pit,Constant Conversations,235.6,69.97,0.304,Alternative
761,Passion Pit,Constant Conversations,235.6,69.97,0.304,Rock
762,Gustavo Santaolalla,All Gone (Reunion),108.227,69.97,0.144,Classical
763,Howard Shore,"The Road Goes Ever On... Pt. 2 / ""In Dreams"" (feat. Edward Ross)",221.227,69.97,0.0385,Classical
764,Miles Davis Quintet,My Funny Valentine,358.2,69.98,0.248,Jazz
765,Lil Xan,Watch Me Fall,167.16,69.98,0.113,Hip-Hop
766,Ganja White Night,Green Poison,431.788,69.99,0.254,Electronic
767,Chris Knight,Nothing On Me,214.253,69.99,0.401,Alternative
768,Kendrick Lamar,YAH.,160.293,69.99,0.648,Hip-Hop
769,Moby,A Dark Cloud Is Coming,324.894,70,0.228,Electronic
770,Ganja White Night,Blackberries,411.429,70,0.151,Electronic
771,Capcom Sound Team,どぶろくスタジオ,191.947,70,0.23,Anime
772,Nobuo Uematsu,Broken Spell  Healed Hearts,123.493,70,0.431,Anime
773,Billie Holiday,I'll Look Around,195.587,70,0.297,Jazz
774,Yeek,Shake,188.238,70,0.447,Alternative
775,Gabriel Fauré,Nocturne No.1 in E-Flat Minor  Op. 33  No. 1: Lento,377,70.01,0.0903,Classical
776,Borgore,Sunsets,256.298,70.02,0.186,Electronic
777,Capcom Sound Team,The Basement of Police Station,124.907,70.02,0.0575,Anime
778,Frédéric Chopin,12 Etudes  Op. 25: No.2 in F minor,98.576,70.02,0.316,Classical
779,Andrea Bocelli,"Vivo Otra Vez Contigo - ""Vivo"" Spanish Version",262.685,70.03,0.079,Classical
780,Johannes Brahms,Symphony No. 1 in C Minor  Op. 68: IV. Finale. Adagio - Più andante (Recorded 1955),923.56,70.03,0.0895,Classical
781,EGOIST,All Alone with You - TV Edit,92.867,70.04,0.511,Anime
782,Kenji Kawai,Shippai,125.08,70.05,0.0561,Anime
783,Project Destati,Lazy Afternoon Streets,318.102,70.05,0.146,Anime
784,Guillaume Dufay,Ave maris stella,286.48,70.05,0.0624,Classical
785,Antonín Dvořák,"Symphony No.9 in E minor  Op.95 ""From the New World"": 2.Largo",335.813,70.06,0.0371,Classical
786,Domenico Scarlatti,Sonate en La Mineur  K. 54: Allegro,286.678,70.06,0.275,Classical
787,Gabriel Fauré,8 Pièces brèves  Op. 84: No. 5  Improvisation in C-Sharp Minor,120.493,70.07,0.0469,Classical
788,Howard Shore,"One of the Dúnedain / ""Evenstar"" (feat. Isabel Bayrakdarian)",433.12,70.07,0.0326,Classical
789,Steffie Beltt,Y Disparó,201.24,70.08,0.421,Blues
790,Claude Debussy,La Plus que Lente  L. 121,265,70.12,0.105,Classical
791,JID,Frequency Change,59.118,70.13,0.784,Rap
792,NF,If You Want Love,199.387,70.13,0.251,Hip-Hop
793,Oscar Peterson,Blue and Sentimental,146.093,70.14,0.124,Jazz
794,Friedrich Gulda,Sonatine: II. Ballad,429.467,70.15,0.0558,Classical
795,Wolfgang Amadeus Mozart,Requiem In D Minor  K.626: 3. Sequentia: Confutatis,144.36,70.15,0.0355,Classical
796,Howard Shore,The House of Beorn - Extended Version,292.533,70.15,0.0364,Classical
797,Arvo Pärt,Fur Alina (For Alena),262.347,70.16,0.431,Classical
798,Franz Liszt,Schwanengesang  S.560: No.4 Ständchen,337.667,70.16,0.0837,Classical
799,Blockhead,Slippery Slope,274.286,70.19,0.324,Electronic
800,Blockhead,Slippery Slope,274.286,70.19,0.324,Jazz
801,Christoph Willibald Gluck,Orfeo et Eurydice: Mélodie for Piano Solo,284.64,70.19,0.115,Classical
802,Wale,Lotus Flower Bomb (feat. Miguel),213.253,70.19,0.345,Hip-Hop
803,Miles Davis,"Générique - BOF ""Ascenseur pour l'échafaud""",168.512,70.2,0.139,Jazz
804,Lang Lang,Morning Tears,110.88,70.21,0.0388,Classical
805,Erik Satie,3 Gymnopédies: No.2,152.467,70.21,0.387,Classical
806,The Avett Brothers,I And Love And You,300.84,70.22,0.162,Rock
807,Arthur Rubinstein,Nocturnes (op. 32 Nr. 2 As-Dur / in A flat major),292.84,70.22,0.145,Classical
808,Nobuo Uematsu,Coin of Fate,197.333,70.23,0.179,Anime
809,Bruce Faulconer,Buu's Theme,171.6,70.23,0.095,Anime
810,James Bay,Wild Love,197.28,70.23,0.188,Rock
811,Aaron Copland,Down a Country Lane,174,70.23,0.0375,Classical
812,Henry Purcell,Evening Hymn  Z.193 (arr. Silas Wolston),291.8,70.24,0.102,Classical
813,Frédéric Chopin,Nocturne No. 2 in D-Flat Major  Op. 27,331.067,70.26,0.0676,Classical
814,Johannes Brahms,Intermezzo in A Major  Op. 118  No. 2,346.965,70.27,0.0541,Classical
815,Ludwig van Beethoven,Eroica Variations in E-Flat Major  Op. 35: A due,47.715,70.27,0.711,Classical
816,Takatsugu Muramatsu,Far Away,192.373,70.3,0.0728,Anime
817,Hank Williams  Jr.,Texas Women,149.307,70.3,0.787,Country
818,Johann Sebastian Bach,Unaccompanied Cello Suite No. 4 in E-Flat Major  BWV 1010: V. Bourrées I & II,296.907,70.3,0.545,Classical
819,Karol Szymanowski,Variations on a Polish Theme  Op. 10: No. 5 Andantino,76.933,70.3,0.238,Classical
820,Joe Hisaishi,Ballade (brother),130.693,70.31,0.0429,Anime
821,Frédéric Chopin,Fantasy-impromptu in C-Sharp Minor  Op. Posth. 66,281,70.33,0.0605,Classical
822,Franz Liszt,Liebestraum (Love Dream),279.413,70.33,0.038,Classical
823,Oskar Merikanto,Valse lente  Op. 33: Valse Lente  Op. 33,186.533,70.33,0.119,Classical
824,Project Destati,Another Side,271.377,70.34,0.049,Anime
825,Vern Gosdin,Chiseled In Stone,230.76,70.37,0.197,Country
826,Edvard Grieg,Holberg Suite  Op. 40: I. Prelude,167.093,70.41,0.199,Classical
827,Tab Benoit,Whiskey Store,210.8,70.42,0.56,Blues
828,Yuki Hayashi,現実,270.427,70.46,0.0372,Anime
829,Kodak Black,Versatile,418.628,70.47,0.308,Rap
830,Kodak Black,Versatile,418.628,70.47,0.308,Hip-Hop
831,Austin Wintory,The Call,219.282,70.49,0.0362,Anime
832,Antonio Vivaldi,"The Four Seasons (Le quattro stagioni)  Op. 8 - Violin Concerto No. 4 in F Minor  RV 297  ""Winter"" (L'inverno): II. Largo",128.773,70.5,0.316,Classical
833,Billy Joel,She's Got a Way - Live at the Paradise  Boston  MA - June 1980,180.6,70.52,0.423,Rock
834,Frédéric Chopin,Andante spianato and Grande polonaise in E flat  Op.22 : Andante spianato. Tranquillo -,296.92,70.52,0.0719,Classical
835,Gustav Mahler,Symphony No. 5 in C-Sharp Minor (arr. J. Gribben for piano),599.453,70.53,0.0582,Classical
836,Eri Sugai,Rakuen,368.6,70.54,0.0797,Anime
837,Frédéric Chopin,Mazurka in B Major  Op. 56 No. 1,270.893,70.55,0.108,Classical
838,T-Bone Walker,How Long Blues,319.333,70.56,0.35,Blues
839,Dave East,Powder,215.267,70.56,0.636,Hip-Hop
840,Billie Holiday,Solitude,190.267,70.59,0.159,Jazz
841,Billie Holiday,Solitude,190.267,70.59,0.159,Blues
842,Tim McGraw,Whiskey And You,227.267,70.6,0.283,Country
843,The Chantels,The Plea,176.96,70.6,0.372,Blues
844,Johann Sebastian Bach,Cello Suite No. 6 in D Major  BWV 1012: VI. Gigue,234.24,70.6,0.687,Classical
845,System Of A Down,Know,176.693,70.62,0.487,Alternative
846,Maurice Ravel,Miroirs  M. 43: No. 2  Oiseaux tristes,288.827,70.63,0.0392,Classical
847,Ludwig van Beethoven,Piano Sonata No. 25 in G Major  Op. 79: II. Andante,190.226,70.64,0.063,Classical
848,Kalafina,Snow Falling,280.173,70.65,0.127,Anime
849,Ludwig van Beethoven,Diabelli Variations  Op. 120: Var. 20  Andante,140.6,70.65,0.0998,Classical
850,Gustav Mahler,"Symphony No. 2 in C Minor ""Resurrection"": IV. Urlicht. Sehr feierlich  aber schlicht",328.707,70.65,0.0346,Classical
851,Yuki Hayashi,後悔,169.507,70.68,0.0579999999999999,Anime
852,Johann Sebastian Bach,Partita No. 4 in D Major  BWV 828: II. Allemande,573.533,70.68,0.116,Classical
853,Hilary Hahn,Krakow,160.413,70.69,0.0517,Classical
854,Edward Elgar,"Variations on an Original Theme  Op. 36 'Enigma': Variation IX. Adagio ""Nimrod""",206.4,70.69,0.0366,Classical
855,Vic Damone,After the Lights Go Down Low,144.2,70.7,0.571,Jazz
856,Franz Liszt,Première année: Suisse S.160: II.Au lac de Wallenstadt,161.28,70.71,0.0409,Classical
857,Maria Callas,La Wally (1997 Digital Remaster): Ebben?...Ne andrò lontana,292.533,70.71,0.0377,Classical
858,Miles Davis,Tutu,316.667,70.72,0.497,Jazz
859,George Frideric Handel,Rinaldo  HWV 7a  Act III (Ed. G. Sechi): La superba si segua [Live],40.704,70.72,0.365,Classical
860,Claude Debussy,La plus que lente  L. 121,395.648,70.75,0.0662,Classical
861,Nikolai Medtner,Piano Concerto No. 2 in C Minor  Op. 50: II. Romanza: Andante con moto,563.533,70.76,0.039,Classical
862,Frédéric Chopin,Nocturne In E-Flat Major  Op. 9: II. Andante,233.747,70.77,0.054,Classical
863,Jimi Hendrix,Little Wing,145.747,70.78,0.426,Blues
864,Jimi Hendrix,Little Wing,145.747,70.78,0.426,Rock
865,Wolfgang Amadeus Mozart,La clemenza di Tito  K. 621  Act I: Ah  se fosse intorno al trono,130.307,70.79,0.209,Classical
866,Frédéric Chopin,Nocturnes  Op. 32: No. 2 in A flat major. Lento,328.373,70.82,0.119,Classical
867,George Frideric Handel,Rinaldo  HWV 7a  Act II (Ed. G. Sechi): Il vostro maggio [Live],128.683,70.83,0.378,Classical
868,Sam Cooke,Bring It On Home To Me,165.28,70.84,0.609,Rock
869,Carl Philipp Emanuel Bach,Andante con tenerezza  H. 135  Wq. 65/32,346.32,70.85,0.176,Classical
870,Electric Light Orchestra,Telephone Line,280.36,70.86,0.205,Rock
871,Joni Mitchell,California,230.227,70.86,0.784,Rock
872,Ludwig van Beethoven,Diabelli Variations - 33 Variations on a Waltz by Anton Diabelli  Op. 120: Var. 3 - L'istesso tempo,91.867,70.86,0.331,Classical
873,Claude Debussy,Suite Bergamasque  L. 75: III. Clair de lune,333.707,70.87,0.0391,Classical
874,Project Destati,At Dusk  I Will Think of You,265.12,70.89,0.0897,Anime
875,Frédéric Chopin,Waltz in A Minor  Op. 34 No. 2,309.707,70.89,0.0498,Classical
876,Diana Krall,Alone Again (Naturally),230.68,70.9,0.239,Jazz
877,Ray Charles,I Believe to My Soul,182.093,70.9,0.367,Blues
878,Franz Joseph Haydn,Adagio in F  H.XVII No.9,337,70.91,0.14,Classical
879,Nobuyuki Tsujii,花水木の咲く頃 - 辻井伸行,209.6,70.93,0.147,Anime
880,Kenji Kanemasu,あの日の川(「千と千尋の神隠し」より),228.027,70.93,0.0635,Anime
881,Nobuyuki Tsujii,花水木の咲く頃 - 辻井伸行,209.6,70.93,0.147,Classical
882,Ralph Vaughan Williams,Hymn Tune Prelude on Song 13 by Orlando Gibbons (arr. for string orchestra),202.32,70.93,0.0396,Classical
883,Cafe Jazz Deluxe,Gifted Melody,91.267,70.94,0.442,Jazz
884,Claude Debussy,2 Arabesques  L. 66: 1ère Arabesque (Andante con moto),220,70.95,0.0904,Classical
885,Arthur Rubinstein,Preludes Op.28 Nos. 1 4 10 21 24,428.493,70.96,0.0397,Classical
886,Jonas Kaufmann,"Tosca / Act 3: ""E lucevan le stelle""",201.08,70.96,0.0374,Classical
887,Mili,DK,149.708,70.98,0.216,Anime
888,Steve Holy,Good Morning Beautiful,210.933,70.98,0.242,Country
889,Sergei Rachmaninoff,Prelude in B Minor  Op. 32  No. 10 - Live at Philharmonie  Berlin / 2018,336.747,70.98,0.0398,Classical
890,Capcom Sound Team,ギガピード戦闘,167.52,70.99,0.333,Anime
891,Curren$y,Sixty-Seven Turbo Jet,199.437,70.99,0.59,Alternative
892,Curren$y,Sixty-Seven Turbo Jet,199.437,70.99,0.59,Hip-Hop
893,Lil Xan,Who I Am,155.773,70.99,0.491,Hip-Hop
894,Brian Culbertson,Skies Wide Open,278.227,71,0.657,Jazz
895,Kiefer,Thinkin of,153.803,71,0.763,Jazz
896,Brad Paisley,The Devil Is Alive and Well,239.73,71,0.231,Country
897,Hildegard von Bingen,O ecclesia,382.133,71,0.285,Classical
898,LEDGER,Ruins,237.627,71.01,0.354,Alternative
899,Heitor Villa-Lobos,Bachianas brasileiras No.5  W. 389: 1. Aria (Cantilena),337.013,71.01,0.0489,Classical
900,Claude Debussy,The Girl With The Flaxen Hair,137.84,71.01,0.158,Classical
901,Agustín Barrios Mangoré,Diana Guaraní (Arr. R. Stover for Guitar),531.28,71.01,0.083,Classical
902,Philip Glass,Facades,441.2,71.02,0.0704,Classical
903,Jamey Johnson,She's All Lady,224.08,71.04,0.141,Country
904,Nujabes,The Sign (feat. Pase Rock),289.8,71.08,0.585,Jazz
905,Frédéric Chopin,Deux Nocturnes  Op.62: 1. Nocturne In B (Andante),453.893,71.08,0.0385,Classical
906,Ludwig van Beethoven,Symphony No. 4 in B-Flat Major  Op. 60: III. Menuetto. Allegro vivace (Live),354.867,71.09,0.149,Classical
907,Ray Charles,Lonely Avenue,157.56,71.11,0.599,Jazz
908,Ray Charles,Lonely Avenue,157.56,71.11,0.599,Blues
909,Agustín Barrios Mangoré,Country Of The Fan,269.893,71.12,0.258,Classical
910,Aimer,Dareka Umiwo,294.16,71.13,0.236,Anime
911,Johann Sebastian Bach,Bach: Cantata BWV 199. Mein Herze schwimmt im Blut  Aria,499.8,71.13,0.107,Classical
912,Curren$y,The Blow,151.387,71.18,0.717,Alternative
913,Franz Schubert,Ständchen  S. 560 (from Schwanengesang  D. 957),344.8,71.18,0.0394,Classical
914,Loretta Lynn,I'm Dying for Someone to Live For,150.08,71.19,0.498,Country
915,Wolfgang Amadeus Mozart,"Le nozze di Figaro  K.492 / Act 3: ""Sull’aria ... Che soave zeffiretto""",210.533,71.22,0.118,Classical
916,Samiyam,Italy,143.232,71.23,0.649,Alternative
917,Samiyam,Italy,143.232,71.23,0.649,Hip-Hop
918,Wolfgang Amadeus Mozart,Piano Sonata No.9 In D  K.311: 2. Andantino con espressione,344.92,71.24,0.371,Classical
919,Masakatsu Takagi,Hora Thello,97.627,71.25,0.208,Anime
920,Nobuo Uematsu,"Into the Darkness: Piano Collections Version (From ""Final Fantasy IV"") [For Piano Solo]",320.896,71.27,0.0451,Anime
921,The Platters,My Prayer,167.8,71.28,0.243,Jazz
922,The Five Satins,(I'll Remember) In The Still Of The Night,185.6,71.28,0.296,Blues
923,Nobuo Uematsu,Hymn - Ixion,40.8,71.29,0.052,Anime
924,Claude Debussy,Images  Livre I: Images  Livre I: Reflets dans l'eau,324.733,71.3,0.0339,Classical
925,Dianne Reeves,Feeling Of Jazz,422.933,71.31,0.253,Jazz
926,Chris Young,Flashlight,202.307,71.31,0.423,Country
927,Travis Scott,first take,313.909,71.31,0.0895,Rap
928,Frédéric Chopin,"Polonaise No. 3 in A Major  Op. 40  No. 1  ""Military""",362.027,71.32,0.151,Classical
929,Tim McGraw,One Of These Days,281.96,71.33,0.289,Country
930,Alfred Hill,Lullaby,184.2,71.34,0.251,Classical
931,Jimmy Durante,The Mole - Remastered,19.693,71.35,0.939,Jazz
932,Frederick Delius,Over the Mountains High (arr. J. Lloyd Webber for cello and piano),140.32,71.36,0.0661,Classical
933,Franz Schubert,"Symphony No. 4 in C Minor  D. 417 ""Tragic"": IV. Allegro",449.587,71.37,0.156,Classical
934,Kings of Leon,Mi Amigo,246.8,71.39,0.593,Rock
935,Johann Sebastian Bach,St. Matthew Passion  BWV 244  Pt. 1: No. 29  O Mensch  bewein dein Sünde groß,341.6,71.4,0.158,Classical
936,Bessie Smith,Devil's Gonna Git You,190.027,71.43,0.346,Blues
937,Van Morrison,Tupelo Honey,415.04,71.43,0.515,Rock
938,Howard Shore,Shores of the Long Lake,241.133,71.44,0.0307,Classical
939,Arthur Rubinstein,Hymn to the Sun from the Golden Cockerel,458.507,71.46,0.0358,Classical
940,Antonio Vivaldi,"""Concerto Funebre"" con hautbois sordini e salmoè  violino principale e viole da gamba (Si Bem. Maggiore  RV 579): II. Allegro poco poco",209.787,71.46,0.117,Classical
941,Johann Sebastian Bach,教会カンタータ  BWV 147: ''主よ 人の望みの喜びよ'',199.493,71.46,0.259,Classical
942,Travis Tritt,Tell Me I Was Dreaming,292.6,71.48,0.208,Country
943,Nico Muhly,In a Mist,108.749,71.49,0.0341,Classical
944,Etta James,A Sunday Kind of Love,196.08,71.5,0.407,Jazz
945,Craig Morgan,What Matters Most,215.237,71.51,0.164,Country
946,Frédéric Chopin,Etude  Op. 10 No. 6 in E-Flat Minor: Andante,212.68,71.51,0.0807,Classical
947,Eminence Symphony Orchestra,Cave Of Mind (Howl's Moving Castle),406.4,71.52,0.0392,Anime
948,Smino,Z4L (with Bari & Jay2),162.591,71.52,0.408,Rap
949,Giacomo Puccini,"Madame Butterfly  SC 74  Act 2: ""Coro a bocca chiusa"" (Humming Chorus)",194.28,71.52,0.0487,Classical
950,Ruggero Leoncavallo,Mattinata  Op. 5,117.6,71.52,0.216,Classical
951,Ludwig van Beethoven,Suite Bergamasque  L. 75: III. Clair De Lune,315.747,71.52,0.0395,Classical
952,Waka Flocka Flame,Hard In Da Paint,246.387,71.54,0.583,Rap
953,Kendrick Lamar,u,268.493,71.55,0.58,Hip-Hop
954,Ryuichi Sakamoto,andata,278.641,71.56,0.0446,Anime
955,Huelgas Ensemble,Dos estrellas le seguen (romance a 2 3 & 4),237.958,71.56,0.0391,Classical
956,Merle Haggard,A Place to Fall Apart,217,71.57,0.266,Country
957,Blossom Dearie,Baby  You're My Kind,209.583,71.58,0.482,Jazz
958,George Harrison,I Live For You,217.747,71.58,0.216,Rock
959,Sir Charles Jones,Destiny,231.054,71.61,0.586,Blues
960,Jóhann Jóhannsson,The Stairs,67.877,71.61,0.089,Classical
961,Atlantic Five Jazz Band,When Sunny Gets Blue,232.32,71.63,0.171,Jazz
962,Taylor Ray Holbrook,Tie Me Down,200.417,71.63,0.532,Country
963,Ludwig van Beethoven,Symphony No. 7 in A Major  Op. 92: IV. Allegro con brio,456.333,71.63,0.134,Classical
964,Wolfgang Amadeus Mozart,Die Zauberflöte  K. 620: Dies Bildnis sind bezaubernd schon,264.867,71.63,0.108,Classical
965,Johann Sebastian Bach,Choral pour orgue « Ich ruf zu dir  Herr Jesu Christ » BWV 639,154.787,71.63,0.077,Classical
966,Little Feat,Don't Bogart That Joint - Live at Lisner Auditorium  Washington  DC  8/8/1977,61.8,71.64,0.469,Blues
967,The Avalanches,Two Hearts In 3/4 Time,202.293,71.65,0.573,Electronic
968,Carbon Based Lifeforms,Vortex,373.305,71.67,0.227,Electronic
969,T-Pain,1UP (feat. Profit Dinero),273.81,71.67,0.35,Rap
970,Tony! Toni! Toné!,Me And You,250.933,71.67,0.571,Hip-Hop
971,Edvard Grieg,Peer Gynt-Suite Nr. 1  Op. 46: I. Morning,259.573,71.7,0.0352,Classical
972,Angelo Badalamenti,Twin Peaks Theme - Instrumental,310.013,71.72,0.102,Jazz
973,Krimer,Knockout,230.4,71.75,0.101,Electronic
974,Frédéric Chopin,Étude No. 3 in E Major  Op. 10: III. Tristesse,252.007,71.75,0.0389,Classical
975,Johann Sebastian Bach,St. Matthew Passion  BWV 244  Pt. 2: No. 38  Petrus aber saß draußen im Palast,129.627,71.75,0.176,Classical
976,Johann Sebastian Bach,Unaccompanied Cello Suite No. 6 in D Major  BWV 1012: II. Allemande,399.387,71.77,0.201,Classical
977,Felix Mendelssohn,Albumblatt In E Minor  Op.117  MWV U134,289,71.77,0.0584,Classical
978,Charles Wright & The Watts 103rd Street Rhythm Band,Comment (If All Men Are Truly Brothers) - Remastered Version,359.013,71.78,0.259,Jazz
979,Andrea Bocelli,Me faltas,214.755,71.78,0.0912,Classical
980,Ludwig van Beethoven,"Sonata No. 14 in C-Sharp Minor  Op. 27 No. 2 ""Moonlight"": I. Adagio sostenuto - Redbook Stereo",372.76,71.79,0.272,Classical
981,Johann Sebastian Bach,Violin Partita No. 2 in D Minor  BWV 1004: III. Sarabande,283.333,71.8,0.153,Classical
982,Richard Skelton,Threads Across the River,499.96,71.81,0.035,Jazz
983,Sergei Rachmaninoff,Rhapsody On a Theme of Paganini  Op. 43: I. Introduction - Variation I - Theme - Variation II  III,94.04,71.81,0.537,Classical
984,Ludwig van Beethoven,チェロ・ソナタ 第 4番 ハ長調  作品 102-1: 1. Andante - Allegro vivace,436.533,71.82,0.212,Classical
985,Percy Grainger,Colonial Song,336.733,71.83,0.0445,Classical
986,Deftones,My Own Summer (Shove It),214.76,71.84,0.372,Rap
987,Deftones,My Own Summer (Shove It),214.76,71.84,0.372,Rock
988,London Symphony Orchestra,"Finale (From ""East of Eden"")",210.067,71.86,0.0612,Classical
989,Alabama,When We Make Love,216.373,71.89,0.14,Country
990,Gregorio Allegri,Allegri : Miserere mei  Deus,893.947,71.91,0.0316,Classical
991,George Antheil,Carnival of the Beautiful Dresses: VI. Love Affair Valse,58.307,71.91,0.139,Classical
992,Tim McGraw,The Cowboy In Me,244.507,71.92,0.153,Country
993,Andy Timmons,On Your Way Sweet Soul,375.065,71.92,0.274,Classical
994,Akira Senju,運命の悲歌 - 決断,73.467,71.94,0.0839,Anime
995,Drake,November 18th,188.189,71.94,0.534,Rap
996,Frédéric Chopin,"Études  Op. 25: No. 1 in A-Flat Major ""Harp Study""",150.293,71.94,0.0338,Classical
997,Richard Strauss,Idomeneo  TrV 262  Act I (After W.A. Mozart): Höre mich  Fürst! - So starbst du  Idomeneo?! [Live],205.36,71.94,0.111,Classical
998,Drake,November 18th,188.189,71.94,0.534,Hip-Hop
999,Takatsugu Muramatsu,Rainbow of Magic,102,71.95,0.174,Anime
1000,The Skyliners,Since I Don't Have You,155.2,71.96,0.715,Blues